features,test_dataset,trained_on,split,balanced_accuracy,auroc,exercise_called_stress
physiology,Campanella2024,within_dataset,0,1.0,1.0,
physiology,Campanella2024,other_datasets_only,0,0.9291666666666667,0.9708333333333332,
physiology,Campanella2024,all_datasets,0,0.975,0.98125,
physiology,Campanella2024,within_dataset,1,0.893939393939394,0.946969696969697,
physiology,Campanella2024,other_datasets_only,1,0.8712121212121212,0.884469696969697,
physiology,Campanella2024,all_datasets,1,0.893939393939394,0.9185606060606061,
physiology,Campanella2024,within_dataset,2,0.8541666666666667,0.9288194444444444,
physiology,Campanella2024,other_datasets_only,2,0.75,0.8159722222222222,
physiology,Campanella2024,all_datasets,2,0.7916666666666667,0.842013888888889,
physiology,Campanella2024,within_dataset,3,0.9166666666666667,0.9924242424242425,
physiology,Campanella2024,other_datasets_only,3,0.759469696969697,0.8106060606060607,
physiology,Campanella2024,all_datasets,3,0.8068181818181819,0.8446969696969697,
physiology,Campanella2024,within_dataset,4,0.9166666666666667,0.9045138888888888,
physiology,Campanella2024,other_datasets_only,4,0.8541666666666666,0.9010416666666666,
physiology,Campanella2024,all_datasets,4,0.8958333333333334,0.920138888888889,
physiology,Campanella2024,within_dataset,5,0.8114035087719298,0.8903508771929824,
physiology,Campanella2024,other_datasets_only,5,0.7489035087719298,0.8377192982456141,
physiology,Campanella2024,all_datasets,5,0.8377192982456141,0.8728070175438596,
physiology,Campanella2024,within_dataset,6,0.9210526315789473,1.0,
physiology,Campanella2024,other_datasets_only,6,0.9210526315789473,0.9758771929824561,
physiology,Campanella2024,all_datasets,6,0.9736842105263157,0.993421052631579,
physiology,Campanella2024,within_dataset,7,0.9791666666666667,0.998015873015873,
physiology,Campanella2024,other_datasets_only,7,0.8363095238095238,0.9107142857142857,
physiology,Campanella2024,all_datasets,7,0.9047619047619048,0.9424603174603174,
physiology,Campanella2024,within_dataset,8,0.9791666666666667,1.0,
physiology,Campanella2024,other_datasets_only,8,0.8505434782608696,0.9384057971014493,
physiology,Campanella2024,all_datasets,8,0.9157608695652174,0.9818840579710145,
physiology,Campanella2024,within_dataset,9,0.7916666666666667,0.9348958333333333,
physiology,Campanella2024,other_datasets_only,9,0.59375,0.6770833333333333,
physiology,Campanella2024,all_datasets,9,0.75,0.7682291666666667,
physiology,Campanella2024,within_dataset,10,0.75,0.7698412698412699,
physiology,Campanella2024,other_datasets_only,10,0.6279761904761905,0.6984126984126984,
physiology,Campanella2024,all_datasets,10,0.7827380952380952,0.8174603174603174,
physiology,Campanella2024,within_dataset,11,0.9375,0.9861111111111112,
physiology,Campanella2024,other_datasets_only,11,0.6666666666666666,0.7708333333333333,
physiology,Campanella2024,all_datasets,11,0.8194444444444444,0.8217592592592593,
physiology,Campanella2024,within_dataset,12,0.9166666666666667,0.9742063492063492,
physiology,Campanella2024,other_datasets_only,12,0.6428571428571428,0.751984126984127,
physiology,Campanella2024,all_datasets,12,0.8035714285714286,0.8670634920634921,
physiology,Campanella2024,within_dataset,13,0.9782608695652174,0.9963768115942029,
physiology,Campanella2024,other_datasets_only,13,0.8913043478260869,0.9347826086956522,
physiology,Campanella2024,all_datasets,13,0.9347826086956521,0.9782608695652173,
physiology,Campanella2024,within_dataset,14,0.9166666666666667,0.9345238095238095,
physiology,Campanella2024,other_datasets_only,14,0.8005952380952381,0.8194444444444444,
physiology,Campanella2024,all_datasets,14,0.8452380952380952,0.8571428571428571,
physiology,Campanella2024,within_dataset,15,0.9047619047619048,0.9781746031746033,
physiology,Campanella2024,other_datasets_only,15,0.8452380952380952,0.9404761904761905,
physiology,Campanella2024,all_datasets,15,0.9583333333333333,0.988095238095238,
physiology,Campanella2024,within_dataset,16,0.8422619047619048,0.9404761904761905,
physiology,Campanella2024,other_datasets_only,16,0.8482142857142857,0.9166666666666666,
physiology,Campanella2024,all_datasets,16,0.9166666666666667,0.9384920634920635,
physiology,Campanella2024,within_dataset,17,0.8913043478260869,0.9891304347826086,
physiology,Campanella2024,other_datasets_only,17,0.9347826086956521,0.9655797101449275,
physiology,Campanella2024,all_datasets,17,0.9148550724637681,0.980072463768116,
physiology,Campanella2024,within_dataset,18,0.975,1.0,
physiology,Campanella2024,other_datasets_only,18,0.95,0.9916666666666667,
physiology,Campanella2024,all_datasets,18,0.975,0.9916666666666667,
physiology,Campanella2024,within_dataset,19,0.7619047619047619,0.9652777777777778,
physiology,Campanella2024,other_datasets_only,19,0.7916666666666666,0.8591269841269841,
physiology,Campanella2024,all_datasets,19,0.8809523809523809,0.8690476190476191,
physiology,PhysioNet,within_dataset,0,0.836932117415528,0.9509105524295258,0.0017793594306049821
physiology,PhysioNet,other_datasets_only,0,0.5365468303905536,0.5521800593175707,0.7615658362989324
physiology,PhysioNet,all_datasets,0,0.797585719433434,0.909554563849544,0.014234875444839857
physiology,PhysioNet,within_dataset,1,0.838200813225299,0.958745139940047,0.0011904761904761906
physiology,PhysioNet,other_datasets_only,1,0.5736057934882617,0.5207609889294512,0.7714285714285715
physiology,PhysioNet,all_datasets,1,0.9246431009408482,0.960496245510937,0.009523809523809525
physiology,PhysioNet,within_dataset,2,0.7401185770750989,0.8911696011498383,0.02699055330634278
physiology,PhysioNet,other_datasets_only,2,0.5419960474308301,0.5482168523176429,0.5843454790823212
physiology,PhysioNet,all_datasets,2,0.7663043478260869,0.8588753144089112,0.07017543859649122
physiology,PhysioNet,within_dataset,3,0.8071296105501752,0.9172264578611168,0.0
physiology,PhysioNet,other_datasets_only,3,0.6253657531423862,0.6944570368844014,0.6823529411764706
physiology,PhysioNet,all_datasets,3,0.8727282093550381,0.9321244590974656,0.01045751633986928
physiology,PhysioNet,within_dataset,4,0.7491161616161616,0.9178451178451178,0.00909090909090909
physiology,PhysioNet,other_datasets_only,4,0.5178030303030303,0.5613636363636364,0.6836363636363636
physiology,PhysioNet,all_datasets,4,0.7825757575757576,0.9128507295173962,0.007272727272727273
physiology,PhysioNet,within_dataset,5,0.81,0.9308529411764705,0.0
physiology,PhysioNet,other_datasets_only,5,0.5958823529411764,0.5937058823529412,0.590032154340836
physiology,PhysioNet,all_datasets,5,0.8279411764705882,0.9475588235294117,0.003215434083601286
physiology,PhysioNet,within_dataset,6,0.9511380177319042,0.9885205769485246,0.0
physiology,PhysioNet,other_datasets_only,6,0.5871873759428344,0.4937475188566892,0.8342245989304813
physiology,PhysioNet,all_datasets,6,0.9520973931454281,0.990174672489083,0.0
physiology,PhysioNet,within_dataset,7,0.8301400505738183,0.9391817415548207,0.020316027088036117
physiology,PhysioNet,other_datasets_only,7,0.5479397652856124,0.5822472930039552,0.7234762979683973
physiology,PhysioNet,all_datasets,7,0.8442828891914673,0.9456979835310899,0.012415349887133182
physiology,PhysioNet,within_dataset,8,0.7515047912553571,0.9381470602398035,0.03937007874015748
physiology,PhysioNet,other_datasets_only,8,0.5339119757307267,0.5086194443106853,0.7997750281214848
physiology,PhysioNet,all_datasets,8,0.8647854769586363,0.9380026002792893,0.06524184476940383
physiology,PhysioNet,within_dataset,9,0.7662918108419838,0.9237566999117987,0.032805429864253395
physiology,PhysioNet,other_datasets_only,9,0.5790080738177624,0.6263823868647804,0.6628959276018099
physiology,PhysioNet,all_datasets,9,0.8075259515570934,0.9301682610760568,0.029411764705882353
physiology,PhysioNet,within_dataset,10,0.8420141600291531,0.949346660419595,0.0247074122236671
physiology,PhysioNet,other_datasets_only,10,0.5776328804206362,0.5419334686865531,0.8634590377113134
physiology,PhysioNet,all_datasets,10,0.90612473319798,0.9672549325836847,0.02600780234070221
physiology,PhysioNet,within_dataset,11,0.8022770812619735,0.9158765186604263,0.0
physiology,PhysioNet,other_datasets_only,11,0.4829885782185901,0.5103184033756093,0.8796561604584527
physiology,PhysioNet,all_datasets,11,0.8355481727574751,0.9280985522710188,0.008595988538681949
physiology,PhysioNet,within_dataset,12,0.8874800637958533,0.9601541733120681,0.015531660692951015
physiology,PhysioNet,other_datasets_only,12,0.4854864433811802,0.4586124401913876,0.8064516129032258
physiology,PhysioNet,all_datasets,12,0.7783094098883572,0.9231525784157364,0.05973715651135006
physiology,PhysioNet,within_dataset,13,0.8048359240069085,0.93811168681635,0.00798175598631699
physiology,PhysioNet,other_datasets_only,13,0.5914137675795708,0.5817501439263097,0.6590649942987458
physiology,PhysioNet,all_datasets,13,0.8395016037503085,0.9086890369273789,0.01596351197263398
physiology,PhysioNet,within_dataset,14,0.8228320318674718,0.9205842369827069,0.007960199004975124
physiology,PhysioNet,other_datasets_only,14,0.6508093326167368,0.7171761879169168,0.5462686567164179
physiology,PhysioNet,all_datasets,14,0.8744032752679334,0.9171066358951662,0.014925373134328358
physiology,PhysioNet,within_dataset,15,0.851544289044289,0.938738344988345,0.02364864864864865
physiology,PhysioNet,other_datasets_only,15,0.5694201631701632,0.5621600621600622,0.6334459459459459
physiology,PhysioNet,all_datasets,15,0.816215034965035,0.9183663558663558,0.011824324324324325
physiology,PhysioNet,within_dataset,16,0.8386041439476555,0.9659344653892091,0.0014388489208633094
physiology,PhysioNet,other_datasets_only,16,0.623773173391494,0.6805577192709145,0.5510791366906475
physiology,PhysioNet,all_datasets,16,0.8936750272628136,0.9677260217063924,0.004316546762589928
physiology,PhysioNet,within_dataset,17,0.7790454432853486,0.9325094272109218,0.01855287569573284
physiology,PhysioNet,other_datasets_only,17,0.6100162395750186,0.6537942803666291,0.6901669758812616
physiology,PhysioNet,all_datasets,17,0.8595552007927114,0.9325094272109218,0.06679035250463822
physiology,PhysioNet,within_dataset,18,0.8982251492995479,0.9666517832226378,0.004622496147919877
physiology,PhysioNet,other_datasets_only,18,0.5537059775632082,0.6210861193280125,0.7057010785824345
physiology,PhysioNet,all_datasets,18,0.8536306301278116,0.9554054808282636,0.01078582434514638
physiology,PhysioNet,within_dataset,19,0.744846423417852,0.9073180787466502,0.011890606420927468
physiology,PhysioNet,other_datasets_only,19,0.522634508348794,0.5594928880643166,0.6373365041617123
physiology,PhysioNet,all_datasets,19,0.7994537208822923,0.8888064316635745,0.0178359096313912
physiology,Stress-Predict,within_dataset,0,0.7330405996466614,0.8103806109672219,
physiology,Stress-Predict,other_datasets_only,0,0.684696660434641,0.7611619011680759,
physiology,Stress-Predict,all_datasets,0,0.7025951527418055,0.8007324059621619,
physiology,Stress-Predict,within_dataset,1,0.7169717772692601,0.7753165522501906,
physiology,Stress-Predict,other_datasets_only,1,0.6729595728451564,0.7402593440122044,
physiology,Stress-Predict,all_datasets,1,0.6875286041189932,0.7777116704805492,
physiology,Stress-Predict,within_dataset,2,0.6483081869111281,0.705325311942959,
physiology,Stress-Predict,other_datasets_only,2,0.6105248917748918,0.6483798064680417,
physiology,Stress-Predict,all_datasets,2,0.602105614973262,0.7042669340463458,
physiology,Stress-Predict,within_dataset,3,0.7101297405189622,0.7812707917498337,
physiology,Stress-Predict,other_datasets_only,3,0.6810545575515635,0.7356121091151032,
physiology,Stress-Predict,all_datasets,3,0.6902195608782435,0.7834996673320027,
physiology,Stress-Predict,within_dataset,4,0.7398458873617924,0.8171045602447671,
physiology,Stress-Predict,other_datasets_only,4,0.7216259530862998,0.7866543635568938,
physiology,Stress-Predict,all_datasets,4,0.734900360999142,0.8219286743399219,
physiology,Stress-Predict,within_dataset,5,0.7273391372454512,0.8464122183395589,
physiology,Stress-Predict,other_datasets_only,5,0.6735600674780093,0.7522442462947343,
physiology,Stress-Predict,all_datasets,5,0.7342827449090252,0.8063170261477287,
physiology,Stress-Predict,within_dataset,6,0.7087915371742768,0.8136056657901027,
physiology,Stress-Predict,other_datasets_only,6,0.6564666507291417,0.7069089170451828,
physiology,Stress-Predict,all_datasets,6,0.68392899832656,0.7764762132440832,
physiology,Stress-Predict,within_dataset,7,0.7709313179908808,0.8505187951028614,
physiology,Stress-Predict,other_datasets_only,7,0.655746239184289,0.7514450867052023,
physiology,Stress-Predict,all_datasets,7,0.7467328474491077,0.8268588661903565,
physiology,Stress-Predict,within_dataset,8,0.6987232439169311,0.7653725200353607,
physiology,Stress-Predict,other_datasets_only,8,0.6397547932698577,0.6909119893337972,
physiology,Stress-Predict,all_datasets,8,0.6871947596481311,0.7650102169470891,
physiology,Stress-Predict,within_dataset,9,0.7030145301029145,0.7980027466472254,
physiology,Stress-Predict,other_datasets_only,9,0.6564825960902664,0.7432647801834489,
physiology,Stress-Predict,all_datasets,9,0.6949102253268001,0.8043776809481018,
physiology,Stress-Predict,within_dataset,10,0.7408163265306122,0.8284334023464459,
physiology,Stress-Predict,other_datasets_only,10,0.6310263235729074,0.7258601991521246,
physiology,Stress-Predict,all_datasets,10,0.7459627329192546,0.8202701370403234,
physiology,Stress-Predict,within_dataset,11,0.6831761006289307,0.7280410234419668,
physiology,Stress-Predict,other_datasets_only,11,0.5684408947970269,0.6359080188679246,
physiology,Stress-Predict,all_datasets,11,0.6224003001715266,0.7005610348770726,
physiology,Stress-Predict,within_dataset,12,0.7072639462219974,0.783272691673873,
physiology,Stress-Predict,other_datasets_only,12,0.6658698950872097,0.7259540863776535,
physiology,Stress-Predict,all_datasets,12,0.687872211979311,0.7796994566724861,
physiology,Stress-Predict,within_dataset,13,0.6818223220791839,0.7743198931260626,
physiology,Stress-Predict,other_datasets_only,13,0.6302981539956278,0.6977699174155939,
physiology,Stress-Predict,all_datasets,13,0.6622996113675006,0.7676099101287345,
physiology,Stress-Predict,within_dataset,14,0.7219051349486132,0.7902560946039207,
physiology,Stress-Predict,other_datasets_only,14,0.6455617107791021,0.7024602241993547,
physiology,Stress-Predict,all_datasets,14,0.6848805327066196,0.7681345942215507,
physiology,Stress-Predict,within_dataset,15,0.6540729635182408,0.7107946026986507,
physiology,Stress-Predict,other_datasets_only,15,0.5329085457271364,0.5639513576545061,
physiology,Stress-Predict,all_datasets,15,0.6015492253873063,0.6637181409295354,
physiology,Stress-Predict,within_dataset,16,0.6866406136922854,0.7606227901494944,
physiology,Stress-Predict,other_datasets_only,16,0.6988710377768128,0.7267332464900854,
physiology,Stress-Predict,all_datasets,16,0.690620929222753,0.7732977689556065,
physiology,Stress-Predict,within_dataset,17,0.7433818433818433,0.7903133903133903,
physiology,Stress-Predict,other_datasets_only,17,0.6831523831523831,0.7430815430815431,
physiology,Stress-Predict,all_datasets,17,0.7183953183953184,0.7743358743358744,
physiology,Stress-Predict,within_dataset,18,0.7053973846251508,0.769932711229607,
physiology,Stress-Predict,other_datasets_only,18,0.616676188662477,0.6603662794388371,
physiology,Stress-Predict,all_datasets,18,0.6310385323430459,0.7299244588332382,
physiology,Stress-Predict,within_dataset,19,0.7679908824487138,0.8223502116574406,
physiology,Stress-Predict,other_datasets_only,19,0.7504070335395636,0.7837430804298274,
physiology,Stress-Predict,all_datasets,19,0.7686828394659719,0.8321597199609247,
physiology,UBFC-Phys,within_dataset,0,0.8,0.9175000000000001,
physiology,UBFC-Phys,other_datasets_only,0,0.55,0.975,
physiology,UBFC-Phys,all_datasets,0,0.825,0.955,
physiology,UBFC-Phys,within_dataset,1,0.775,1.0,
physiology,UBFC-Phys,other_datasets_only,1,0.5,0.9,
physiology,UBFC-Phys,all_datasets,1,0.8,0.9700000000000001,
physiology,UBFC-Phys,within_dataset,2,0.95,0.9912500000000001,
physiology,UBFC-Phys,other_datasets_only,2,0.5625,0.9725,
physiology,UBFC-Phys,all_datasets,2,0.8375,0.9500000000000001,
physiology,UBFC-Phys,within_dataset,3,0.875,0.885,
physiology,UBFC-Phys,other_datasets_only,3,0.7,0.935,
physiology,UBFC-Phys,all_datasets,3,0.85,0.9700000000000001,
physiology,UBFC-Phys,within_dataset,4,0.9333333333333333,0.9816666666666667,
physiology,UBFC-Phys,other_datasets_only,4,0.55,0.9966666666666667,
physiology,UBFC-Phys,all_datasets,4,0.925,0.9833333333333334,
physiology,UBFC-Phys,within_dataset,5,0.975,0.9787499999999999,
physiology,UBFC-Phys,other_datasets_only,5,0.5875,0.875,
physiology,UBFC-Phys,all_datasets,5,0.7749999999999999,0.915,
physiology,UBFC-Phys,within_dataset,6,0.7,0.8350000000000001,
physiology,UBFC-Phys,other_datasets_only,6,0.7,0.7050000000000001,
physiology,UBFC-Phys,all_datasets,6,0.575,0.6799999999999999,
physiology,UBFC-Phys,within_dataset,7,0.825,0.9450000000000001,
physiology,UBFC-Phys,other_datasets_only,7,0.55,0.975,
physiology,UBFC-Phys,all_datasets,7,0.875,0.9425000000000001,
physiology,UBFC-Phys,within_dataset,8,0.9,0.9733333333333334,
physiology,UBFC-Phys,other_datasets_only,8,0.6166666666666667,0.855,
physiology,UBFC-Phys,all_datasets,8,0.7583333333333333,0.8683333333333333,
physiology,UBFC-Phys,within_dataset,9,0.9,0.9625,
physiology,UBFC-Phys,other_datasets_only,9,0.6,0.9987499999999999,
physiology,UBFC-Phys,all_datasets,9,0.925,0.9987499999999999,
physiology,UBFC-Phys,within_dataset,10,0.825,0.9075,
physiology,UBFC-Phys,other_datasets_only,10,0.55,0.7575000000000001,
physiology,UBFC-Phys,all_datasets,10,0.75,0.86,
physiology,UBFC-Phys,within_dataset,11,0.8,0.89,
physiology,UBFC-Phys,other_datasets_only,11,0.55,0.7575000000000001,
physiology,UBFC-Phys,all_datasets,11,0.6499999999999999,0.87,
physiology,UBFC-Phys,within_dataset,12,0.875,0.955,
physiology,UBFC-Phys,other_datasets_only,12,0.65,0.98,
physiology,UBFC-Phys,all_datasets,12,0.925,0.955,
physiology,UBFC-Phys,within_dataset,13,0.9,0.97,
physiology,UBFC-Phys,other_datasets_only,13,0.5666666666666667,0.9583333333333334,
physiology,UBFC-Phys,all_datasets,13,0.9333333333333333,0.9466666666666667,
physiology,UBFC-Phys,within_dataset,14,0.9,1.0,
physiology,UBFC-Phys,other_datasets_only,14,0.5,0.975,
physiology,UBFC-Phys,all_datasets,14,0.85,0.95,
physiology,UBFC-Phys,within_dataset,15,0.95,1.0,
physiology,UBFC-Phys,other_datasets_only,15,0.55,0.8825,
physiology,UBFC-Phys,all_datasets,15,0.825,0.9299999999999999,
physiology,UBFC-Phys,within_dataset,16,1.0,1.0,
physiology,UBFC-Phys,other_datasets_only,16,0.7,1.0,
physiology,UBFC-Phys,all_datasets,16,0.95,1.0,
physiology,UBFC-Phys,within_dataset,17,0.875,0.9675,
physiology,UBFC-Phys,other_datasets_only,17,0.55,1.0,
physiology,UBFC-Phys,all_datasets,17,0.975,1.0,
physiology,UBFC-Phys,within_dataset,18,0.7749999999999999,0.875,
physiology,UBFC-Phys,other_datasets_only,18,0.675,0.7475,
physiology,UBFC-Phys,all_datasets,18,0.625,0.78,
physiology,UBFC-Phys,within_dataset,19,1.0,1.0,
physiology,UBFC-Phys,other_datasets_only,19,0.7,1.0,
physiology,UBFC-Phys,all_datasets,19,0.95,1.0,
physiology,WESAD,within_dataset,0,0.9240683458535867,0.9941081160701134,
physiology,WESAD,other_datasets_only,0,0.8513035793194874,0.9202386212991603,
physiology,WESAD,all_datasets,0,0.8627191044336426,0.9550743850346147,
physiology,WESAD,within_dataset,1,0.9755376344086022,0.9941628264208909,
physiology,WESAD,other_datasets_only,1,0.7764976958525346,0.9513824884792627,
physiology,WESAD,all_datasets,1,0.8456221198156681,0.9844854070660521,
physiology,WESAD,within_dataset,2,0.8616219475429605,0.968947844437745,
physiology,WESAD,other_datasets_only,2,0.7296502864033765,0.833283087126922,
physiology,WESAD,all_datasets,2,0.7698221284293036,0.8898100693397648,
physiology,WESAD,within_dataset,3,0.9908256880733946,0.9997706422018349,
physiology,WESAD,other_datasets_only,3,0.8876146788990826,0.9967125382262997,
physiology,WESAD,all_datasets,3,0.9357798165137614,0.9997706422018349,
physiology,WESAD,within_dataset,4,0.9826708585972004,0.9987274496594056,
physiology,WESAD,other_datasets_only,4,0.7808219178082192,0.9779923646979564,
physiology,WESAD,all_datasets,4,0.8424657534246576,0.9938618160041919,
physiology,WESAD,within_dataset,5,0.9422043010752688,0.9919354838709677,
physiology,WESAD,other_datasets_only,5,0.8298387096774194,0.9297235023041476,
physiology,WESAD,all_datasets,5,0.8690092165898617,0.955837173579109,
physiology,WESAD,within_dataset,6,0.7806570690291621,0.9353266888150609,
physiology,WESAD,other_datasets_only,6,0.7384274640088593,0.8279808047249907,
physiology,WESAD,all_datasets,6,0.7671465485418973,0.8742709486895532,
physiology,WESAD,within_dataset,7,0.8046875,0.9493807603686636,
physiology,WESAD,other_datasets_only,7,0.7223142281105991,0.8204205069124425,
physiology,WESAD,all_datasets,7,0.734843029953917,0.8573588709677419,
physiology,WESAD,within_dataset,8,0.8399184105159779,0.957014429251341,
physiology,WESAD,other_datasets_only,8,0.8648107577245598,0.9374480622497546,
physiology,WESAD,all_datasets,8,0.8832439374480623,0.959582987081665,
physiology,WESAD,within_dataset,9,0.9861111111111112,0.9989969135802469,
physiology,WESAD,other_datasets_only,9,0.8203703703703704,0.9327932098765431,
physiology,WESAD,all_datasets,9,0.9013888888888888,0.9762345679012346,
physiology,WESAD,within_dataset,10,0.9732334869431644,0.9946236559139785,
physiology,WESAD,other_datasets_only,10,0.7695852534562212,0.9533794162826421,
physiology,WESAD,all_datasets,10,0.847926267281106,0.9865591397849462,
physiology,WESAD,within_dataset,11,0.8547667050691244,0.9601814516129032,
physiology,WESAD,other_datasets_only,11,0.7333309331797235,0.8169642857142857,
physiology,WESAD,all_datasets,11,0.7674971198156681,0.8873847926267281,
physiology,WESAD,within_dataset,12,0.8361928394186459,0.9333569656150302,
physiology,WESAD,other_datasets_only,12,0.6888691953208083,0.8386387805742644,
physiology,WESAD,all_datasets,12,0.7233959588798299,0.8643034384969869,
physiology,WESAD,within_dataset,13,0.8940092165898618,0.9513155938754274,
physiology,WESAD,other_datasets_only,13,0.8214285714285714,0.9210643674743572,
physiology,WESAD,all_datasets,13,0.8605990783410138,0.9591199643228779,
physiology,WESAD,within_dataset,14,0.9792626728110598,0.9988283995938452,
physiology,WESAD,other_datasets_only,14,0.815668202764977,0.9694602827462314,
physiology,WESAD,all_datasets,14,0.8847926267281105,0.9925798640943528,
physiology,WESAD,within_dataset,15,0.7962033152211294,0.9546048559048077,
physiology,WESAD,other_datasets_only,15,0.7323749914024348,0.8059701492537312,
physiology,WESAD,all_datasets,15,0.7475067061008323,0.850264805007222,
physiology,WESAD,within_dataset,16,0.8613322161709258,0.9655774333193687,
physiology,WESAD,other_datasets_only,16,0.7241307080016757,0.8269794721407625,
physiology,WESAD,all_datasets,16,0.7606479541963413,0.892403295629102,
physiology,WESAD,within_dataset,17,0.873015873015873,0.9747207524985302,
physiology,WESAD,other_datasets_only,17,0.7741402116402116,0.8900646678424455,
physiology,WESAD,all_datasets,17,0.8095238095238095,0.9301881246325692,
physiology,WESAD,within_dataset,18,0.9207364341085271,0.9761240310077519,
physiology,WESAD,other_datasets_only,18,0.8242248062015504,0.9013953488372093,
physiology,WESAD,all_datasets,18,0.8777131782945736,0.9537984496124031,
physiology,WESAD,within_dataset,19,0.9169653524492234,0.9716995221027478,
physiology,WESAD,other_datasets_only,19,0.7998058542413381,0.9448924731182795,
physiology,WESAD,all_datasets,19,0.8669354838709677,0.9793160095579451,
hr_hrv_eda,Campanella2024,within_dataset,0,1.0,1.0,
hr_hrv_eda,Campanella2024,other_datasets_only,0,0.9375,1.0,
hr_hrv_eda,Campanella2024,all_datasets,0,0.9375,1.0,
hr_hrv_eda,Campanella2024,within_dataset,1,0.893939393939394,0.9261363636363636,
hr_hrv_eda,Campanella2024,other_datasets_only,1,0.7462121212121212,0.8465909090909092,
hr_hrv_eda,Campanella2024,all_datasets,1,0.7897727272727273,0.893939393939394,
hr_hrv_eda,Campanella2024,within_dataset,2,0.8125,0.921875,
hr_hrv_eda,Campanella2024,other_datasets_only,2,0.6875,0.8333333333333334,
hr_hrv_eda,Campanella2024,all_datasets,2,0.6666666666666667,0.8472222222222222,
hr_hrv_eda,Campanella2024,within_dataset,3,0.8125,0.9943181818181818,
hr_hrv_eda,Campanella2024,other_datasets_only,3,0.7462121212121212,0.8750000000000001,
hr_hrv_eda,Campanella2024,all_datasets,3,0.7234848484848485,0.8768939393939393,
hr_hrv_eda,Campanella2024,within_dataset,4,0.9166666666666667,0.9114583333333334,
hr_hrv_eda,Campanella2024,other_datasets_only,4,0.875,0.8993055555555556,
hr_hrv_eda,Campanella2024,all_datasets,4,0.9166666666666667,0.9079861111111112,
hr_hrv_eda,Campanella2024,within_dataset,5,0.8114035087719298,0.8870614035087719,
hr_hrv_eda,Campanella2024,other_datasets_only,5,0.7543859649122806,0.8442982456140351,
hr_hrv_eda,Campanella2024,all_datasets,5,0.7752192982456141,0.8552631578947368,
hr_hrv_eda,Campanella2024,within_dataset,6,0.9473684210526316,1.0,
hr_hrv_eda,Campanella2024,other_datasets_only,6,0.9528508771929824,0.9978070175438597,
hr_hrv_eda,Campanella2024,all_datasets,6,0.9791666666666667,1.0,
hr_hrv_eda,Campanella2024,within_dataset,7,0.8928571428571428,0.9821428571428571,
hr_hrv_eda,Campanella2024,other_datasets_only,7,0.8928571428571428,0.9900793650793651,
hr_hrv_eda,Campanella2024,all_datasets,7,0.8928571428571428,0.9920634920634921,
hr_hrv_eda,Campanella2024,within_dataset,8,0.9166666666666667,1.0,
hr_hrv_eda,Campanella2024,other_datasets_only,8,0.8115942028985508,0.967391304347826,
hr_hrv_eda,Campanella2024,all_datasets,8,0.8125,0.9728260869565217,
hr_hrv_eda,Campanella2024,within_dataset,9,0.8125,0.8671875,
hr_hrv_eda,Campanella2024,other_datasets_only,9,0.78125,0.8255208333333334,
hr_hrv_eda,Campanella2024,all_datasets,9,0.8020833333333333,0.8333333333333334,
hr_hrv_eda,Campanella2024,within_dataset,10,0.75,0.7757936507936507,
hr_hrv_eda,Campanella2024,other_datasets_only,10,0.7410714285714286,0.7976190476190476,
hr_hrv_eda,Campanella2024,all_datasets,10,0.7619047619047619,0.7956349206349207,
hr_hrv_eda,Campanella2024,within_dataset,11,0.9375,0.9745370370370371,
hr_hrv_eda,Campanella2024,other_datasets_only,11,0.875,0.9259259259259259,
hr_hrv_eda,Campanella2024,all_datasets,11,0.875,0.8888888888888888,
hr_hrv_eda,Campanella2024,within_dataset,12,0.8125,0.9325396825396824,
hr_hrv_eda,Campanella2024,other_datasets_only,12,0.7648809523809523,0.8630952380952381,
hr_hrv_eda,Campanella2024,all_datasets,12,0.8095238095238095,0.9186507936507937,
hr_hrv_eda,Campanella2024,within_dataset,13,1.0,1.0,
hr_hrv_eda,Campanella2024,other_datasets_only,13,0.8722826086956521,0.9583333333333333,
hr_hrv_eda,Campanella2024,all_datasets,13,0.9157608695652174,0.9909420289855073,
hr_hrv_eda,Campanella2024,within_dataset,14,0.8333333333333333,0.9484126984126984,
hr_hrv_eda,Campanella2024,other_datasets_only,14,0.8541666666666667,0.9166666666666667,
hr_hrv_eda,Campanella2024,all_datasets,14,0.875,0.9186507936507937,
hr_hrv_eda,Campanella2024,within_dataset,15,0.8839285714285714,0.9920634920634921,
hr_hrv_eda,Campanella2024,other_datasets_only,15,0.9583333333333333,1.0,
hr_hrv_eda,Campanella2024,all_datasets,15,0.9583333333333333,1.0,
hr_hrv_eda,Campanella2024,within_dataset,16,0.8214285714285714,0.9503968253968254,
hr_hrv_eda,Campanella2024,other_datasets_only,16,0.9166666666666667,0.9563492063492063,
hr_hrv_eda,Campanella2024,all_datasets,16,0.9166666666666667,0.9583333333333333,
hr_hrv_eda,Campanella2024,within_dataset,17,0.957427536231884,0.9981884057971014,
hr_hrv_eda,Campanella2024,other_datasets_only,17,0.8940217391304348,0.9601449275362319,
hr_hrv_eda,Campanella2024,all_datasets,17,0.9157608695652174,0.9782608695652174,
hr_hrv_eda,Campanella2024,within_dataset,18,1.0,1.0,
hr_hrv_eda,Campanella2024,other_datasets_only,18,0.975,1.0,
hr_hrv_eda,Campanella2024,all_datasets,18,0.975,1.0,
hr_hrv_eda,Campanella2024,within_dataset,19,0.8333333333333333,0.9325396825396824,
hr_hrv_eda,Campanella2024,other_datasets_only,19,0.9047619047619048,0.9523809523809523,
hr_hrv_eda,Campanella2024,all_datasets,19,0.9047619047619048,0.9682539682539681,
hr_hrv_eda,PhysioNet,within_dataset,0,0.7829780746736148,0.9232197799151813,0.033807829181494664
hr_hrv_eda,PhysioNet,other_datasets_only,0,0.5511544751503727,0.5625467749535715,0.7330960854092526
hr_hrv_eda,PhysioNet,all_datasets,0,0.7856667683011337,0.8833328713584833,0.033807829181494664
hr_hrv_eda,PhysioNet,within_dataset,1,0.8279167779657496,0.9601994479565488,0.02142857142857143
hr_hrv_eda,PhysioNet,other_datasets_only,1,0.6078562312646544,0.6046656575549818,0.7440476190476191
hr_hrv_eda,PhysioNet,all_datasets,1,0.9129195975425162,0.9692220936099487,0.02261904761904762
hr_hrv_eda,PhysioNet,within_dataset,2,0.7154150197628459,0.8167445203018326,0.07557354925775979
hr_hrv_eda,PhysioNet,other_datasets_only,2,0.5291501976284585,0.5546622349982033,0.6234817813765182
hr_hrv_eda,PhysioNet,all_datasets,2,0.7460474308300395,0.8226509162773985,0.09446693657219973
hr_hrv_eda,PhysioNet,within_dataset,3,0.8245415207088398,0.9448176385740779,0.0392156862745098
hr_hrv_eda,PhysioNet,other_datasets_only,3,0.6372140943746136,0.7257160519266433,0.6522875816993464
hr_hrv_eda,PhysioNet,all_datasets,3,0.8490315268905831,0.9262724088192872,0.0718954248366013
hr_hrv_eda,PhysioNet,within_dataset,4,0.7503787878787879,0.9119809203142536,0.012727272727272728
hr_hrv_eda,PhysioNet,other_datasets_only,4,0.547979797979798,0.5609708193041526,0.6781818181818182
hr_hrv_eda,PhysioNet,all_datasets,4,0.7737373737373737,0.8885802469135803,0.03636363636363636
hr_hrv_eda,PhysioNet,within_dataset,5,0.7519117647058824,0.8912941176470589,0.028938906752411574
hr_hrv_eda,PhysioNet,other_datasets_only,5,0.6222058823529412,0.6370294117647058,0.5996784565916399
hr_hrv_eda,PhysioNet,all_datasets,5,0.809264705882353,0.9102941176470588,0.09003215434083602
hr_hrv_eda,PhysioNet,within_dataset,6,0.9402209871642186,0.9847161572052402,0.008021390374331552
hr_hrv_eda,PhysioNet,other_datasets_only,6,0.5948292973402144,0.6315336773852058,0.81951871657754
hr_hrv_eda,PhysioNet,all_datasets,6,0.9217943628423977,0.983095143575493,0.001336898395721925
hr_hrv_eda,PhysioNet,within_dataset,7,0.861416391104195,0.9431044543863062,0.0417607223476298
hr_hrv_eda,PhysioNet,other_datasets_only,7,0.6054026453997277,0.6726642028139791,0.7167042889390519
hr_hrv_eda,PhysioNet,all_datasets,7,0.8712799066329509,0.9555209751669584,0.03837471783295711
hr_hrv_eda,PhysioNet,within_dataset,8,0.7759907545625271,0.9201617951557761,0.04499437570303712
hr_hrv_eda,PhysioNet,other_datasets_only,8,0.5389439976886407,0.5942360475754803,0.7851518560179978
hr_hrv_eda,PhysioNet,all_datasets,8,0.8266841623729957,0.9315019020561467,0.0686164229471316
hr_hrv_eda,PhysioNet,within_dataset,9,0.7998846597462514,0.9314573580297171,0.03506787330316742
hr_hrv_eda,PhysioNet,other_datasets_only,9,0.6288927335640138,0.7190277495081077,0.6504524886877828
hr_hrv_eda,PhysioNet,all_datasets,9,0.8424163783160323,0.9428217653843545,0.03506787330316742
hr_hrv_eda,PhysioNet,within_dataset,10,0.9046410536727576,0.961033890363892,0.06241872561768531
hr_hrv_eda,PhysioNet,other_datasets_only,10,0.5518116507886928,0.5991202040710084,0.8491547464239272
hr_hrv_eda,PhysioNet,all_datasets,10,0.8639830287885887,0.9465875370919881,0.07282184655396619
hr_hrv_eda,PhysioNet,within_dataset,11,0.7972209423575916,0.9112447559230787,0.04011461318051576
hr_hrv_eda,PhysioNet,other_datasets_only,11,0.5106215292092053,0.537381477799064,0.8209169054441261
hr_hrv_eda,PhysioNet,all_datasets,11,0.8351844217571598,0.9189077769963867,0.055873925501432664
hr_hrv_eda,PhysioNet,within_dataset,12,0.8515683147262094,0.9361775651249336,0.022700119474313024
hr_hrv_eda,PhysioNet,other_datasets_only,12,0.4744683678894205,0.5249601275917066,0.7921146953405018
hr_hrv_eda,PhysioNet,all_datasets,12,0.7648989898989899,0.8983785220627326,0.056152927120669056
hr_hrv_eda,PhysioNet,within_dataset,13,0.7717739945719221,0.8634344929681717,0.06043329532497149
hr_hrv_eda,PhysioNet,other_datasets_only,13,0.5925240562546261,0.61882144913233,0.677309007981756
hr_hrv_eda,PhysioNet,all_datasets,13,0.8015050579817419,0.8603709186610741,0.11516533637400228
hr_hrv_eda,PhysioNet,within_dataset,14,0.8167541336031109,0.8459738863772881,0.04378109452736319
hr_hrv_eda,PhysioNet,other_datasets_only,14,0.6687426891340773,0.7384685909392684,0.5393034825870647
hr_hrv_eda,PhysioNet,all_datasets,14,0.8069615250861497,0.8746957099048401,0.07562189054726368
hr_hrv_eda,PhysioNet,within_dataset,15,0.8283799533799534,0.9369172494172494,0.03547297297297297
hr_hrv_eda,PhysioNet,other_datasets_only,15,0.6400058275058275,0.6749222999222999,0.6300675675675675
hr_hrv_eda,PhysioNet,all_datasets,15,0.8473921911421911,0.9240481740481741,0.04054054054054054
hr_hrv_eda,PhysioNet,within_dataset,16,0.7946201381315885,0.8942981772861818,0.060431654676258995
hr_hrv_eda,PhysioNet,other_datasets_only,16,0.6551254089422028,0.6898270758685153,0.5597122302158274
hr_hrv_eda,PhysioNet,all_datasets,16,0.8085241730279898,0.9190164615464507,0.07338129496402877
hr_hrv_eda,PhysioNet,within_dataset,17,0.7509427210921802,0.891662767333682,0.08163265306122448
hr_hrv_eda,PhysioNet,other_datasets_only,17,0.6254713605460901,0.6900993641793509,0.6827458256029685
hr_hrv_eda,PhysioNet,all_datasets,17,0.8069417302028571,0.9061407613332966,0.12244897959183673
hr_hrv_eda,PhysioNet,within_dataset,18,0.8606770106602668,0.9494614053692025,0.032357473035439135
hr_hrv_eda,PhysioNet,other_datasets_only,18,0.5636127699949768,0.6211698387006753,0.7087827426810478
hr_hrv_eda,PhysioNet,all_datasets,18,0.822556789641123,0.9188201149746051,0.053929121725731895
hr_hrv_eda,PhysioNet,within_dataset,19,0.6924757781900639,0.8104514533085962,0.08085612366230678
hr_hrv_eda,PhysioNet,other_datasets_only,19,0.5142857142857142,0.5395382395382395,0.6444708680142688
hr_hrv_eda,PhysioNet,all_datasets,19,0.746134817563389,0.8286126571840857,0.1248513674197384
hr_hrv_eda,Stress-Predict,within_dataset,0,0.7254678307404676,0.7809900344762526,
hr_hrv_eda,Stress-Predict,other_datasets_only,0,0.6756402120032247,0.7465223581070651,
hr_hrv_eda,Stress-Predict,all_datasets,0,0.6849453697192158,0.7745493216239859,
hr_hrv_eda,Stress-Predict,within_dataset,1,0.6748283752860411,0.7465522501906942,
hr_hrv_eda,Stress-Predict,other_datasets_only,1,0.6809687261632342,0.745019069412662,
hr_hrv_eda,Stress-Predict,all_datasets,1,0.6763157894736842,0.7731502669717772,
hr_hrv_eda,Stress-Predict,within_dataset,2,0.642379679144385,0.6968980774127833,
hr_hrv_eda,Stress-Predict,other_datasets_only,2,0.6087344028520498,0.660006047873695,
hr_hrv_eda,Stress-Predict,all_datasets,2,0.607174688057041,0.6950996307613955,
hr_hrv_eda,Stress-Predict,within_dataset,3,0.6804224883566201,0.7541749833666,
hr_hrv_eda,Stress-Predict,other_datasets_only,3,0.680189620758483,0.733699268130406,
hr_hrv_eda,Stress-Predict,all_datasets,3,0.672039254823686,0.756187624750499,
hr_hrv_eda,Stress-Predict,within_dataset,4,0.7030417820083208,0.789568257976786,
hr_hrv_eda,Stress-Predict,other_datasets_only,4,0.7314117818464378,0.791154711605394,
hr_hrv_eda,Stress-Predict,all_datasets,4,0.7335891085101905,0.8124908940799378,
hr_hrv_eda,Stress-Predict,within_dataset,5,0.6849996987588867,0.8148270876009158,
hr_hrv_eda,Stress-Predict,other_datasets_only,5,0.6638902277382817,0.7246731533919748,
hr_hrv_eda,Stress-Predict,all_datasets,5,0.6867619592722014,0.763744125798289,
hr_hrv_eda,Stress-Predict,within_dataset,6,0.685662204159694,0.801577814965336,
hr_hrv_eda,Stress-Predict,other_datasets_only,6,0.6569746593354052,0.7061020798469997,
hr_hrv_eda,Stress-Predict,all_datasets,6,0.6758008606263448,0.7514567893856084,
hr_hrv_eda,Stress-Predict,within_dataset,7,0.7457185940473199,0.824184109431659,
hr_hrv_eda,Stress-Predict,other_datasets_only,7,0.6233080817147165,0.7037213226582414,
hr_hrv_eda,Stress-Predict,all_datasets,7,0.6813628693498007,0.768714321617061,
hr_hrv_eda,Stress-Predict,within_dataset,8,0.6998246453052765,0.766437691114879,
hr_hrv_eda,Stress-Predict,other_datasets_only,8,0.6342985087604887,0.7005420054200542,
hr_hrv_eda,Stress-Predict,all_datasets,8,0.65881193571294,0.7509745953074504,
hr_hrv_eda,Stress-Predict,within_dataset,9,0.7414760685644529,0.8151099506620776,
hr_hrv_eda,Stress-Predict,other_datasets_only,9,0.6404435326630611,0.7337278106508875,
hr_hrv_eda,Stress-Predict,all_datasets,9,0.6916718943388549,0.7793950594259168,
hr_hrv_eda,Stress-Predict,within_dataset,10,0.7354628808044957,0.818692694469092,
hr_hrv_eda,Stress-Predict,other_datasets_only,10,0.6291333924874297,0.7138814946268361,
hr_hrv_eda,Stress-Predict,all_datasets,10,0.6984619934930494,0.7790002957704821,
hr_hrv_eda,Stress-Predict,within_dataset,11,0.6661306460834763,0.7004180960548885,
hr_hrv_eda,Stress-Predict,other_datasets_only,11,0.5660020011435105,0.6363725700400229,
hr_hrv_eda,Stress-Predict,all_datasets,11,0.5911503001715266,0.6697398513436249,
hr_hrv_eda,Stress-Predict,within_dataset,12,0.7069784137447177,0.7781983716490725,
hr_hrv_eda,Stress-Predict,other_datasets_only,12,0.6476202907536426,0.7112858751162525,
hr_hrv_eda,Stress-Predict,all_datasets,12,0.6655354141852534,0.7448237040904566,
hr_hrv_eda,Stress-Predict,within_dataset,13,0.7026202331794996,0.7494914379402478,
hr_hrv_eda,Stress-Predict,other_datasets_only,13,0.6067069468059267,0.6653965265970366,
hr_hrv_eda,Stress-Predict,all_datasets,13,0.6305562302647558,0.7036297668205005,
hr_hrv_eda,Stress-Predict,within_dataset,14,0.6911569955048216,0.7677522242739633,
hr_hrv_eda,Stress-Predict,other_datasets_only,14,0.6287374330852591,0.7103874060395798,
hr_hrv_eda,Stress-Predict,all_datasets,14,0.6535168709081753,0.7485870964131833,
hr_hrv_eda,Stress-Predict,within_dataset,15,0.6424037981009496,0.68320006663335,
hr_hrv_eda,Stress-Predict,other_datasets_only,15,0.5227636181909046,0.5416041979010495,
hr_hrv_eda,Stress-Predict,all_datasets,15,0.5410544727636182,0.6086040313176745,
hr_hrv_eda,Stress-Predict,within_dataset,16,0.6814300188160372,0.7515972954531357,
hr_hrv_eda,Stress-Predict,other_datasets_only,16,0.6946736141265016,0.7426338316481608,
hr_hrv_eda,Stress-Predict,all_datasets,16,0.6762917933130699,0.7656162769058991,
hr_hrv_eda,Stress-Predict,within_dataset,17,0.7016709016709017,0.7575267575267576,
hr_hrv_eda,Stress-Predict,other_datasets_only,17,0.6835527835527836,0.7311542311542312,
hr_hrv_eda,Stress-Predict,all_datasets,17,0.6913297913297913,0.755886655886656,
hr_hrv_eda,Stress-Predict,within_dataset,18,0.7053656446391163,0.7767885482130389,
hr_hrv_eda,Stress-Predict,other_datasets_only,18,0.6139306798705009,0.6402272583000064,
hr_hrv_eda,Stress-Predict,all_datasets,18,0.6296340379610232,0.6953199390592268,
hr_hrv_eda,Stress-Predict,within_dataset,19,0.7289156626506024,0.7888411755128623,
hr_hrv_eda,Stress-Predict,other_datasets_only,19,0.7368121133181375,0.770453435363074,
hr_hrv_eda,Stress-Predict,all_datasets,19,0.7284272224031261,0.7851778736567893,
hr_hrv_eda,UBFC-Phys,within_dataset,0,0.8,0.9175000000000001,
hr_hrv_eda,UBFC-Phys,other_datasets_only,0,0.925,0.9650000000000001,
hr_hrv_eda,UBFC-Phys,all_datasets,0,0.925,0.965,
hr_hrv_eda,UBFC-Phys,within_dataset,1,0.775,1.0,
hr_hrv_eda,UBFC-Phys,other_datasets_only,1,0.8,0.905,
hr_hrv_eda,UBFC-Phys,all_datasets,1,0.85,0.935,
hr_hrv_eda,UBFC-Phys,within_dataset,2,0.95,0.9912500000000001,
hr_hrv_eda,UBFC-Phys,other_datasets_only,2,0.8625,0.93625,
hr_hrv_eda,UBFC-Phys,all_datasets,2,0.8875,0.9450000000000001,
hr_hrv_eda,UBFC-Phys,within_dataset,3,0.875,0.885,
hr_hrv_eda,UBFC-Phys,other_datasets_only,3,0.875,0.915,
hr_hrv_eda,UBFC-Phys,all_datasets,3,0.9,0.925,
hr_hrv_eda,UBFC-Phys,within_dataset,4,0.9333333333333333,0.9816666666666667,
hr_hrv_eda,UBFC-Phys,other_datasets_only,4,0.875,0.9450000000000001,
hr_hrv_eda,UBFC-Phys,all_datasets,4,0.875,0.96,
hr_hrv_eda,UBFC-Phys,within_dataset,5,0.975,0.9787499999999999,
hr_hrv_eda,UBFC-Phys,other_datasets_only,5,0.775,0.86375,
hr_hrv_eda,UBFC-Phys,all_datasets,5,0.8125,0.9199999999999999,
hr_hrv_eda,UBFC-Phys,within_dataset,6,0.7,0.8350000000000001,
hr_hrv_eda,UBFC-Phys,other_datasets_only,6,0.6499999999999999,0.7,
hr_hrv_eda,UBFC-Phys,all_datasets,6,0.675,0.71,
hr_hrv_eda,UBFC-Phys,within_dataset,7,0.825,0.9450000000000001,
hr_hrv_eda,UBFC-Phys,other_datasets_only,7,0.925,0.965,
hr_hrv_eda,UBFC-Phys,all_datasets,7,0.925,0.9625,
hr_hrv_eda,UBFC-Phys,within_dataset,8,0.9,0.9733333333333334,
hr_hrv_eda,UBFC-Phys,other_datasets_only,8,0.7916666666666666,0.835,
hr_hrv_eda,UBFC-Phys,all_datasets,8,0.7916666666666666,0.855,
hr_hrv_eda,UBFC-Phys,within_dataset,9,0.9,0.9625,
hr_hrv_eda,UBFC-Phys,other_datasets_only,9,0.95,0.99125,
hr_hrv_eda,UBFC-Phys,all_datasets,9,0.9624999999999999,0.99,
hr_hrv_eda,UBFC-Phys,within_dataset,10,0.825,0.9075,
hr_hrv_eda,UBFC-Phys,other_datasets_only,10,0.7,0.7374999999999999,
hr_hrv_eda,UBFC-Phys,all_datasets,10,0.75,0.7975,
hr_hrv_eda,UBFC-Phys,within_dataset,11,0.8,0.89,
hr_hrv_eda,UBFC-Phys,other_datasets_only,11,0.7,0.7274999999999999,
hr_hrv_eda,UBFC-Phys,all_datasets,11,0.7,0.7849999999999999,
hr_hrv_eda,UBFC-Phys,within_dataset,12,0.875,0.955,
hr_hrv_eda,UBFC-Phys,other_datasets_only,12,0.975,0.975,
hr_hrv_eda,UBFC-Phys,all_datasets,12,0.975,0.975,
hr_hrv_eda,UBFC-Phys,within_dataset,13,0.9,0.97,
hr_hrv_eda,UBFC-Phys,other_datasets_only,13,0.875,0.9416666666666667,
hr_hrv_eda,UBFC-Phys,all_datasets,13,0.8416666666666666,0.9566666666666667,
hr_hrv_eda,UBFC-Phys,within_dataset,14,0.9,1.0,
hr_hrv_eda,UBFC-Phys,other_datasets_only,14,0.9,0.97,
hr_hrv_eda,UBFC-Phys,all_datasets,14,0.9,0.97,
hr_hrv_eda,UBFC-Phys,within_dataset,15,0.95,1.0,
hr_hrv_eda,UBFC-Phys,other_datasets_only,15,0.825,0.89,
hr_hrv_eda,UBFC-Phys,all_datasets,15,0.875,0.9450000000000001,
hr_hrv_eda,UBFC-Phys,within_dataset,16,1.0,1.0,
hr_hrv_eda,UBFC-Phys,other_datasets_only,16,1.0,1.0,
hr_hrv_eda,UBFC-Phys,all_datasets,16,1.0,1.0,
hr_hrv_eda,UBFC-Phys,within_dataset,17,0.875,0.9675,
hr_hrv_eda,UBFC-Phys,other_datasets_only,17,1.0,1.0,
hr_hrv_eda,UBFC-Phys,all_datasets,17,1.0,1.0,
hr_hrv_eda,UBFC-Phys,within_dataset,18,0.7749999999999999,0.875,
hr_hrv_eda,UBFC-Phys,other_datasets_only,18,0.65,0.6874999999999999,
hr_hrv_eda,UBFC-Phys,all_datasets,18,0.625,0.7475,
hr_hrv_eda,UBFC-Phys,within_dataset,19,1.0,1.0,
hr_hrv_eda,UBFC-Phys,other_datasets_only,19,1.0,1.0,
hr_hrv_eda,UBFC-Phys,all_datasets,19,1.0,1.0,
hr_hrv_eda,WESAD,within_dataset,0,0.9931506849315068,0.9994844601561349,
hr_hrv_eda,WESAD,other_datasets_only,0,0.8159891000147297,0.9392399469730447,
hr_hrv_eda,WESAD,all_datasets,0,0.8707836205626749,0.9765061128295772,
hr_hrv_eda,WESAD,within_dataset,1,0.9473502304147465,0.9915514592933948,
hr_hrv_eda,WESAD,other_datasets_only,1,0.7796850998463901,0.9526881720430107,
hr_hrv_eda,WESAD,all_datasets,1,0.8303763440860215,0.9801075268817204,
hr_hrv_eda,WESAD,within_dataset,2,0.8834790473319265,0.969550798914682,
hr_hrv_eda,WESAD,other_datasets_only,2,0.7725354235755201,0.9378956888754899,
hr_hrv_eda,WESAD,all_datasets,2,0.8613204703044921,0.9463370515526078,
hr_hrv_eda,WESAD,within_dataset,3,0.9931192660550459,0.9997706422018348,
hr_hrv_eda,WESAD,other_datasets_only,3,0.8830275229357798,0.9753822629969419,
hr_hrv_eda,WESAD,all_datasets,3,0.9357798165137614,0.9972477064220184,
hr_hrv_eda,WESAD,within_dataset,4,0.9803877535743692,0.9973800434164233,
hr_hrv_eda,WESAD,other_datasets_only,4,0.748446740025451,0.938094168725204,
hr_hrv_eda,WESAD,all_datasets,4,0.8123736806647204,0.9765701025525862,
hr_hrv_eda,WESAD,within_dataset,5,0.9838709677419355,0.9971582181259601,
hr_hrv_eda,WESAD,other_datasets_only,5,0.8013056835637481,0.9546850998463902,
hr_hrv_eda,WESAD,all_datasets,5,0.8672427035330261,0.9864055299539171,
hr_hrv_eda,WESAD,within_dataset,6,0.7806570690291621,0.9329272794389074,
hr_hrv_eda,WESAD,other_datasets_only,6,0.7324104835732743,0.8751937984496124,
hr_hrv_eda,WESAD,all_datasets,6,0.8277593207825766,0.9086009597637504,
hr_hrv_eda,WESAD,within_dataset,7,0.859375,0.9598214285714286,
hr_hrv_eda,WESAD,other_datasets_only,7,0.6996687788018433,0.8882128456221198,
hr_hrv_eda,WESAD,all_datasets,7,0.7812139976958525,0.9166186635944701,
hr_hrv_eda,WESAD,within_dataset,8,0.933406360957921,0.9769585253456221,
hr_hrv_eda,WESAD,other_datasets_only,8,0.8164236609503663,0.929969026214399,
hr_hrv_eda,WESAD,all_datasets,8,0.8602024627936844,0.9575432499811136,
hr_hrv_eda,WESAD,within_dataset,9,0.9814814814814814,0.9990740740740741,
hr_hrv_eda,WESAD,other_datasets_only,9,0.8273148148148148,0.9672067901234567,
hr_hrv_eda,WESAD,all_datasets,9,0.9106481481481481,0.9895833333333333,
hr_hrv_eda,WESAD,within_dataset,10,0.9640168970814131,0.9920890937019969,
hr_hrv_eda,WESAD,other_datasets_only,10,0.7566436251920123,0.959216589861751,
hr_hrv_eda,WESAD,all_datasets,10,0.8257680491551459,0.9801843317972351,
hr_hrv_eda,WESAD,within_dataset,11,0.8892209101382489,0.9663018433179723,
hr_hrv_eda,WESAD,other_datasets_only,11,0.7558683755760369,0.8825604838709676,
hr_hrv_eda,WESAD,all_datasets,11,0.8180803571428572,0.9250432027649769,
hr_hrv_eda,WESAD,within_dataset,12,0.8108472172988301,0.9073378234668558,
hr_hrv_eda,WESAD,other_datasets_only,12,0.7419000354484226,0.9174051754696918,
hr_hrv_eda,WESAD,all_datasets,12,0.7971995746189295,0.913328606876994,
hr_hrv_eda,WESAD,within_dataset,13,0.9147465437788018,0.9736137951538576,
hr_hrv_eda,WESAD,other_datasets_only,13,0.8179723502304148,0.9177196372825925,
hr_hrv_eda,WESAD,all_datasets,13,0.8640552995391706,0.9525791586145385,
hr_hrv_eda,WESAD,within_dataset,14,0.9815668202764978,0.9971100523314849,
hr_hrv_eda,WESAD,other_datasets_only,14,0.7956728891666016,0.9602436928844801,
hr_hrv_eda,WESAD,all_datasets,14,0.8624931656642975,0.9834413809263454,
hr_hrv_eda,WESAD,within_dataset,15,0.8432835820895522,0.966159983492675,
hr_hrv_eda,WESAD,other_datasets_only,15,0.7178966916569227,0.9002682440332896,
hr_hrv_eda,WESAD,all_datasets,15,0.7921796547217828,0.916706788637458,
hr_hrv_eda,WESAD,within_dataset,16,0.8484848484848485,0.9724200530652144,
hr_hrv_eda,WESAD,other_datasets_only,16,0.7270981706465578,0.8933109900851836,
hr_hrv_eda,WESAD,all_datasets,16,0.8084066471163245,0.9308057533863986,
hr_hrv_eda,WESAD,within_dataset,17,0.8888888888888888,0.9767048794826573,
hr_hrv_eda,WESAD,other_datasets_only,17,0.8118386243386243,0.9237213403880069,
hr_hrv_eda,WESAD,all_datasets,17,0.8812830687830688,0.9443709582598471,
hr_hrv_eda,WESAD,within_dataset,18,0.9160852713178295,0.9782945736434108,
hr_hrv_eda,WESAD,other_datasets_only,18,0.8182170542635658,0.9289922480620154,
hr_hrv_eda,WESAD,all_datasets,18,0.8763565891472869,0.9662015503875969,
hr_hrv_eda,WESAD,within_dataset,19,0.9227150537634409,0.9831989247311829,
hr_hrv_eda,WESAD,other_datasets_only,19,0.8125746714456392,0.9364545997610513,
hr_hrv_eda,WESAD,all_datasets,19,0.887768817204301,0.9742383512544803,
