dataset,model,split,ba,auroc,n_test,n_test_matched,ba_matched,auroc_matched
Campanella2024,time_only_within,0,1.0,1.0,44,20,,
Campanella2024,std_within,0,1.0,1.0,44,20,,
Campanella2024,std_external,0,0.95,1.0,44,20,,
Campanella2024,std+time_within,0,1.0,1.0,44,20,,
Campanella2024,std+time_external,0,1.0,1.0,44,20,,
Campanella2024,time_only_within,1,1.0,1.0,46,22,,
Campanella2024,std_within,1,1.0,1.0,46,22,,
Campanella2024,std_external,1,0.8465909090909092,0.9412878787878788,46,22,,
Campanella2024,std+time_within,1,1.0,1.0,46,22,,
Campanella2024,std+time_external,1,0.9545454545454546,0.981060606060606,46,22,,
Campanella2024,time_only_within,2,1.0,1.0,48,24,,
Campanella2024,std_within,2,1.0,1.0,48,24,,
Campanella2024,std_external,2,0.8541666666666667,0.9496527777777778,48,24,,
Campanella2024,std+time_within,2,1.0,1.0,48,24,,
Campanella2024,std+time_external,2,0.9791666666666667,1.0,48,24,,
Campanella2024,time_only_within,3,1.0,1.0,46,22,,
Campanella2024,std_within,3,1.0,1.0,46,22,,
Campanella2024,std_external,3,0.9318181818181819,0.9734848484848485,46,22,,
Campanella2024,std+time_within,3,1.0,1.0,46,22,,
Campanella2024,std+time_external,3,0.9772727272727273,1.0,46,22,,
Campanella2024,time_only_within,4,1.0,1.0,48,24,,
Campanella2024,std_within,4,0.9791666666666667,1.0,48,24,,
Campanella2024,std_external,4,0.8333333333333333,0.9392361111111112,48,24,,
Campanella2024,std+time_within,4,0.9791666666666667,1.0,48,24,,
Campanella2024,std+time_external,4,0.9583333333333333,0.984375,48,24,,
Campanella2024,time_only_within,5,1.0,1.0,43,19,,
Campanella2024,std_within,5,0.9736842105263157,1.0,43,19,,
Campanella2024,std_external,5,0.8585526315789473,0.9473684210526315,43,19,,
Campanella2024,std+time_within,5,0.9736842105263157,1.0,43,19,,
Campanella2024,std+time_external,5,0.9736842105263157,0.9846491228070176,43,19,,
Campanella2024,time_only_within,6,1.0,1.0,43,19,,
Campanella2024,std_within,6,0.9736842105263157,1.0,43,19,,
Campanella2024,std_external,6,0.9210526315789473,0.9671052631578948,43,19,,
Campanella2024,std+time_within,6,0.9736842105263157,1.0,43,19,,
Campanella2024,std+time_external,6,0.9473684210526316,0.9956140350877193,43,19,,
Campanella2024,time_only_within,7,1.0,1.0,45,21,,
Campanella2024,std_within,7,0.9761904761904762,1.0,45,21,,
Campanella2024,std_external,7,0.9285714285714286,0.998015873015873,45,21,,
Campanella2024,std+time_within,7,0.9761904761904762,1.0,45,21,,
Campanella2024,std+time_external,7,1.0,1.0,45,21,,
Campanella2024,time_only_within,8,1.0,1.0,47,23,,
Campanella2024,std_within,8,1.0,1.0,47,23,,
Campanella2024,std_external,8,0.8713768115942029,0.9728260869565217,47,23,,
Campanella2024,std+time_within,8,1.0,1.0,47,23,,
Campanella2024,std+time_external,8,1.0,1.0,47,23,,
Campanella2024,time_only_within,9,1.0,1.0,40,16,,
Campanella2024,std_within,9,1.0,1.0,40,16,,
Campanella2024,std_external,9,0.8958333333333333,0.9453125,40,16,,
Campanella2024,std+time_within,9,1.0,1.0,40,16,,
Campanella2024,std+time_external,9,0.96875,0.9765625,40,16,,
Campanella2024,time_only_within,10,1.0,1.0,45,21,,
Campanella2024,std_within,10,1.0,1.0,45,21,,
Campanella2024,std_external,10,0.8035714285714286,0.8908730158730158,45,21,,
Campanella2024,std+time_within,10,1.0,1.0,45,21,,
Campanella2024,std+time_external,10,0.9553571428571428,0.9603174603174602,45,21,,
Campanella2024,time_only_within,11,1.0,1.0,42,18,,
Campanella2024,std_within,11,1.0,1.0,42,18,,
Campanella2024,std_external,11,0.9305555555555556,0.9837962962962963,42,18,,
Campanella2024,std+time_within,11,1.0,1.0,42,18,,
Campanella2024,std+time_external,11,1.0,1.0,42,18,,
Campanella2024,time_only_within,12,1.0,1.0,45,21,,
Campanella2024,std_within,12,1.0,1.0,45,21,,
Campanella2024,std_external,12,0.8630952380952381,0.8908730158730159,45,21,,
Campanella2024,std+time_within,12,1.0,1.0,45,21,,
Campanella2024,std+time_external,12,0.9285714285714286,0.9821428571428572,45,21,,
Campanella2024,time_only_within,13,1.0,1.0,47,23,,
Campanella2024,std_within,13,1.0,1.0,47,23,,
Campanella2024,std_external,13,0.8913043478260869,0.9565217391304349,47,23,,
Campanella2024,std+time_within,13,1.0,1.0,47,23,,
Campanella2024,std+time_external,13,0.9565217391304348,0.9945652173913043,47,23,,
Campanella2024,time_only_within,14,1.0,1.0,45,21,,
Campanella2024,std_within,14,1.0,1.0,45,21,,
Campanella2024,std_external,14,0.8898809523809523,0.9841269841269842,45,21,,
Campanella2024,std+time_within,14,1.0,1.0,45,21,,
Campanella2024,std+time_external,14,1.0,1.0,45,21,,
Campanella2024,time_only_within,15,1.0,1.0,45,21,,
Campanella2024,std_within,15,1.0,1.0,45,21,,
Campanella2024,std_external,15,0.9107142857142857,0.9801587301587301,45,21,,
Campanella2024,std+time_within,15,1.0,1.0,45,21,,
Campanella2024,std+time_external,15,1.0,1.0,45,21,,
Campanella2024,time_only_within,16,1.0,1.0,45,21,,
Campanella2024,std_within,16,1.0,1.0,45,21,,
Campanella2024,std_external,16,0.9523809523809523,0.9662698412698413,45,21,,
Campanella2024,std+time_within,16,1.0,1.0,45,21,,
Campanella2024,std+time_external,16,0.9761904761904762,1.0,45,21,,
Campanella2024,time_only_within,17,1.0,1.0,47,23,,
Campanella2024,std_within,17,1.0,1.0,47,23,,
Campanella2024,std_external,17,0.9565217391304348,1.0,47,23,,
Campanella2024,std+time_within,17,1.0,1.0,47,23,,
Campanella2024,std+time_external,17,1.0,1.0,47,23,,
Campanella2024,time_only_within,18,1.0,1.0,44,20,,
Campanella2024,std_within,18,1.0,1.0,44,20,,
Campanella2024,std_external,18,0.95,1.0,44,20,,
Campanella2024,std+time_within,18,1.0,1.0,44,20,,
Campanella2024,std+time_external,18,1.0,1.0,44,20,,
Campanella2024,time_only_within,19,1.0,1.0,45,21,,
Campanella2024,std_within,19,1.0,1.0,45,21,,
Campanella2024,std_external,19,0.9523809523809523,0.9642857142857143,45,21,,
Campanella2024,std+time_within,19,1.0,1.0,45,21,,
Campanella2024,std+time_external,19,0.9761904761904762,0.996031746031746,45,21,,
PhysioNet,time_only_within,0,0.760207336523126,0.852153110047847,329,128,0.5670995670995671,0.6320346320346321
PhysioNet,std_within,0,0.7602870813397129,0.8744019138755981,329,128,0.7288961038961039,0.8630952380952381
PhysioNet,std_external,0,0.6656299840510367,0.705103668261563,329,128,0.6942640692640694,0.7451298701298701
PhysioNet,std+time_within,0,0.855622009569378,0.8971291866028708,329,128,0.7608225108225108,0.7922077922077921
PhysioNet,std+time_external,0,0.44956140350877194,0.4554226475279107,329,128,0.44047619047619047,0.4318181818181818
PhysioNet,time_only_within,1,0.8059085841694538,0.8715161649944259,269,111,0.6047008547008547,0.7402065527065527
PhysioNet,std_within,1,0.7579152731326644,0.8736900780379041,269,111,0.7601495726495726,0.8945868945868946
PhysioNet,std_external,1,0.8209030100334448,0.9016722408026755,269,111,0.7911324786324787,0.8931623931623931
PhysioNet,std+time_within,1,0.8817725752508361,0.9284280936454851,269,111,0.8189102564102564,0.8856837606837609
PhysioNet,std+time_external,1,0.5379598662207358,0.6249721293199554,269,111,0.49091880341880345,0.5056980056980057
PhysioNet,time_only_within,2,0.8759512937595129,0.9525875190258752,337,114,0.6690821256038647,0.8302737520128824
PhysioNet,std_within,2,0.8417808219178082,0.8953576864535768,337,114,0.8347826086956522,0.9056360708534622
PhysioNet,std_external,2,0.8390791476407915,0.9073059360730593,337,114,0.8038647342995169,0.8876006441223833
PhysioNet,std+time_within,2,0.9247336377473363,0.9791476407914764,337,114,0.8468599033816425,0.9355877616747182
PhysioNet,std+time_external,2,0.5082191780821919,0.586986301369863,337,114,0.3884057971014493,0.3990338164251207
PhysioNet,time_only_within,3,0.8852385238523852,0.9627962796279628,347,117,0.6737235367372354,0.8807596513075965
PhysioNet,std_within,3,0.7246849684968497,0.7868286828682869,347,117,0.729296388542964,0.8032378580323786
PhysioNet,std_external,3,0.775052505250525,0.8391089108910891,347,117,0.7537359900373599,0.8284557907845579
PhysioNet,std+time_within,3,0.8810381038103811,0.9582208220822083,347,117,0.7995018679950188,0.8838729763387299
PhysioNet,std+time_external,3,0.4464071407140714,0.544029402940294,347,117,0.3121108343711083,0.3259651307596513
PhysioNet,time_only_within,4,0.8471951694585118,0.9421503700818077,353,114,0.6339869281045751,0.7902272019919079
PhysioNet,std_within,4,0.7738605375925205,0.8796260225944682,353,114,0.80765639589169,0.8857765328353564
PhysioNet,std_external,4,0.7565251266069342,0.8317101675107127,353,114,0.6760037348272643,0.7899159663865546
PhysioNet,std+time_within,4,0.8724191663420335,0.9727308141799766,353,114,0.8347338935574229,0.9097416744475567
PhysioNet,std+time_external,4,0.5270744059213088,0.5917413322945072,353,114,0.4042950513538749,0.4248366013071896
PhysioNet,time_only_within,5,0.9145854833161334,0.9757825937392501,368,117,0.6694444444444444,0.8941358024691358
PhysioNet,std_within,5,0.8220502235982112,0.8686618507051944,368,117,0.7805555555555556,0.8379629629629629
PhysioNet,std_external,5,0.7322669418644651,0.8256621947024424,368,117,0.6902777777777778,0.7839506172839507
PhysioNet,std+time_within,5,0.9421740626074991,0.9863777089783282,368,117,0.8319444444444445,0.9462962962962963
PhysioNet,std+time_external,5,0.4194358445132439,0.4522875816993464,368,117,0.2611111111111111,0.27716049382716046
PhysioNet,time_only_within,6,0.8518426294820718,0.9460159362549801,291,109,0.6621376811594203,0.8221014492753623
PhysioNet,std_within,6,0.7547310756972112,0.8361553784860557,291,109,0.7327898550724637,0.808695652173913
PhysioNet,std_external,6,0.661105577689243,0.733366533864542,291,109,0.6168478260869565,0.7079710144927536
PhysioNet,std+time_within,6,0.8791832669322709,0.9715139442231076,291,109,0.7728260869565218,0.9057971014492754
PhysioNet,std+time_external,6,0.4991533864541833,0.4865537848605578,291,109,0.4813405797101449,0.43804347826086953
PhysioNet,time_only_within,7,0.8130630630630631,0.8818506006006006,270,114,0.6212121212121212,0.7477904040404041
PhysioNet,std_within,7,0.7167792792792793,0.8308933933933933,270,114,0.7481060606060606,0.8939393939393939
PhysioNet,std_external,7,0.7660472972972974,0.8488175675675675,270,114,0.7339015151515151,0.8128156565656566
PhysioNet,std+time_within,7,0.8085585585585585,0.9041854354354355,270,114,0.7651515151515151,0.8320707070707071
PhysioNet,std+time_external,7,0.5543355855855856,0.6650713213213213,270,114,0.4460227272727273,0.47948232323232326
PhysioNet,time_only_within,8,0.8972222222222223,0.9672453703703704,333,112,0.690547263681592,0.8779436152570481
PhysioNet,std_within,8,0.8298611111111112,0.8724537037037037,333,112,0.8366500829187397,0.8882255389718077
PhysioNet,std_external,8,0.8173611111111111,0.9004629629629629,333,112,0.7651741293532338,0.8640132669983416
PhysioNet,std+time_within,8,0.9319444444444445,0.9800925925925925,333,112,0.8398009950248757,0.9419568822553896
PhysioNet,std+time_external,8,0.5364583333333333,0.6195987654320987,333,112,0.43864013266998336,0.42885572139303485
PhysioNet,time_only_within,9,0.8038405797101449,0.9189855072463768,326,111,0.6140983606557378,0.7483606557377048
PhysioNet,std_within,9,0.7838405797101449,0.8434057971014493,326,111,0.7744262295081967,0.8275409836065574
PhysioNet,std_external,9,0.7813768115942028,0.8385507246376812,326,111,0.6640983606557377,0.757704918032787
PhysioNet,std+time_within,9,0.8582608695652174,0.9471014492753623,326,111,0.7816393442622951,0.837377049180328
PhysioNet,std+time_external,9,0.5433333333333333,0.6682608695652174,326,111,0.43131147540983605,0.5052459016393442
PhysioNet,time_only_within,10,0.8652033206697622,0.9582102152807092,355,115,0.6521739130434783,0.8442028985507247
PhysioNet,std_within,10,0.7988251020121007,0.8673139158576052,355,115,0.75,0.8295526149968495
PhysioNet,std_external,10,0.6982552413113832,0.7265372168284789,355,115,0.5652173913043479,0.6197227473219913
PhysioNet,std+time_within,10,0.8839172646686366,0.9689038975657802,355,115,0.7898550724637681,0.8916194076874606
PhysioNet,std+time_external,10,0.49591951597017025,0.5068946109469536,355,115,0.35507246376811596,0.30151228733459357
PhysioNet,time_only_within,11,0.8029305585049904,0.8876619239753663,328,114,0.5966386554621849,0.7272019919078743
PhysioNet,std_within,11,0.7879592270121045,0.8329440079280811,328,114,0.7973856209150327,0.8565203859321506
PhysioNet,std_external,11,0.7585828555248815,0.826219296382813,328,114,0.6937441643323996,0.7622159975101152
PhysioNet,std+time_within,11,0.8320591774615984,0.9115877397890564,328,114,0.7675070028011204,0.8263305322128851
PhysioNet,std+time_external,11,0.5245982869682169,0.5880937212430097,328,114,0.4024276377217554,0.40896358543417366
PhysioNet,time_only_within,12,0.8743927827897293,0.9460444136016656,306,114,0.6545454545454545,0.8043831168831169
PhysioNet,std_within,12,0.857737682165163,0.9079632199861207,306,114,0.8220779220779221,0.8941558441558441
PhysioNet,std_external,12,0.7263185287994449,0.7639659958362248,306,114,0.6879870129870129,0.7542207792207791
PhysioNet,std+time_within,12,0.9202810548230396,0.9825641915336571,306,114,0.8574675324675325,0.9402597402597402
PhysioNet,std+time_external,12,0.5442401110340042,0.5381679389312979,306,114,0.48311688311688317,0.47077922077922074
PhysioNet,time_only_within,13,0.6917372881355932,0.7516949152542373,276,121,0.4853395061728395,0.492283950617284
PhysioNet,std_within,13,0.6364406779661017,0.7470338983050847,276,121,0.6382716049382716,0.7731481481481481
PhysioNet,std_external,13,0.6101694915254237,0.573199152542373,276,121,0.6388888888888888,0.5947530864197531
PhysioNet,std+time_within,13,0.688771186440678,0.8184322033898305,276,121,0.5955246913580247,0.6432098765432099
PhysioNet,std+time_external,13,0.47817796610169494,0.4942796610169492,276,121,0.5020061728395062,0.4802469135802469
PhysioNet,time_only_within,14,0.8269805680119582,0.9266495836002563,265,110,0.6372549019607843,0.7857142857142858
PhysioNet,std_within,14,0.815235959854794,0.9207772795216742,265,110,0.8175770308123249,0.9215686274509804
PhysioNet,std_external,14,0.8052530429212044,0.8861840700405723,265,110,0.796218487394958,0.8480392156862745
PhysioNet,std+time_within,14,0.8994234465086484,0.9793935511424301,265,110,0.8476890756302521,0.9471288515406162
PhysioNet,std+time_external,14,0.558723040785821,0.6526799060431347,265,110,0.4733893557422969,0.5196078431372549
PhysioNet,time_only_within,15,0.8616086515714768,0.9099780331192969,313,112,0.6530748663101604,0.8008021390374332
PhysioNet,std_within,15,0.7529148360932747,0.8405711388982764,313,112,0.7479946524064172,0.8225267379679145
PhysioNet,std_external,15,0.8110003379520108,0.8873774923960798,313,112,0.7406417112299466,0.821524064171123
PhysioNet,std+time_within,15,0.8130280500168976,0.9165258533288273,313,112,0.7526737967914439,0.8241978609625669
PhysioNet,std+time_external,15,0.5622676579925651,0.654950996958432,313,112,0.4117647058823529,0.4231283422459893
PhysioNet,time_only_within,16,0.7019734380845493,0.8071922933034045,287,124,0.4732954545454545,0.5619318181818183
PhysioNet,std_within,16,0.762532734754957,0.8470819304152638,287,124,0.7454545454545455,0.8477272727272728
PhysioNet,std_external,16,0.6791526374859709,0.7199775533108865,287,124,0.7153409090909091,0.7485795454545455
PhysioNet,std+time_within,16,0.7698746726524504,0.8843995510662177,287,124,0.6482954545454545,0.7338068181818181
PhysioNet,std+time_external,16,0.5699120838009727,0.5800598578376356,287,124,0.6011363636363636,0.5980113636363636
PhysioNet,time_only_within,17,0.9063267813267813,0.9684812653562654,340,116,0.6925505050505051,0.8792613636363636
PhysioNet,std_within,17,0.7443181818181819,0.7823249385749386,340,116,0.7651515151515151,0.7743055555555555
PhysioNet,std_external,17,0.6939496314496314,0.7545300982800982,340,116,0.6603535353535352,0.7228535353535355
PhysioNet,std+time_within,17,0.8412162162162162,0.953009828009828,340,116,0.75,0.8557449494949496
PhysioNet,std+time_external,17,0.4699017199017199,0.5267199017199017,340,116,0.35353535353535354,0.3718434343434343
PhysioNet,time_only_within,18,0.7880216802168022,0.8558265582655826,266,109,0.6181850789096126,0.7157460545193687
PhysioNet,std_within,18,0.808130081300813,0.8830352303523035,266,109,0.8267575322812052,0.9024390243902438
PhysioNet,std_external,18,0.7270460704607047,0.7895934959349593,266,109,0.7263271162123386,0.770803443328551
PhysioNet,std+time_within,18,0.8591327913279133,0.9155555555555556,266,109,0.8240674318507891,0.860832137733142
PhysioNet,std+time_external,18,0.5506233062330623,0.5916531165311654,266,109,0.5062769010043041,0.5269010043041606
PhysioNet,time_only_within,19,0.7466061392131431,0.8197578901859057,302,129,0.5341269841269841,0.5961640211640211
PhysioNet,std_within,19,0.7938607868568959,0.8815391266753134,302,129,0.790873015873016,0.9074074074074074
PhysioNet,std_external,19,0.7115866839602248,0.7781236489407696,302,129,0.7126984126984127,0.7753968253968254
PhysioNet,std+time_within,19,0.8199740596627756,0.9005620406398617,302,129,0.7297619047619047,0.7764550264550265
PhysioNet,std+time_external,19,0.5640726329442283,0.6143536532641591,302,129,0.5428571428571429,0.5735449735449736
Stress-Predict,time_only_within,0,0.9794600435670057,0.9974700262431175,510,219,0.9478512188992209,0.9891304347826088
Stress-Predict,std_within,0,0.725545016380508,0.7770106859230546,510,219,0.6910655943704448,0.7300201055541593
Stress-Predict,std_external,0,0.6620383869916469,0.71620555393561,510,219,0.6680698668007037,0.7463558683086202
Stress-Predict,std+time_within,0,0.9825045882574913,0.9982161540968422,510,219,0.9558306107062076,0.98969590349334
Stress-Predict,std+time_external,0,0.5734635769540831,0.6354264935421348,510,219,0.6501633576275445,0.814149283739633
Stress-Predict,time_only_within,1,0.9670861937452326,0.9905797101449275,535,246,0.9369360902255639,0.9724154135338345
Stress-Predict,std_within,1,0.6672006102212051,0.7479023646071701,535,246,0.6608082706766917,0.7023496240601503
Stress-Predict,std_external,1,0.7028985507246377,0.7560488176964149,535,246,0.7017857142857142,0.781578947368421
Stress-Predict,std+time_within,1,0.9627383676582761,0.9872921434019832,535,246,0.9280075187969925,0.9736842105263158
Stress-Predict,std+time_external,1,0.595766590389016,0.6503890160183066,535,246,0.6863721804511278,0.8384398496240602
Stress-Predict,time_only_within,2,0.9648905016552075,0.9967452890247008,523,244,0.9332488976451825,0.9914626137536354
Stress-Predict,std_within,2,0.6424035523300229,0.7003358161446397,523,244,0.6136598179941833,0.644901022610001
Stress-Predict,std_external,2,0.6272679526355996,0.6365864527629235,523,244,0.6597710854676799,0.6828501735622479
Stress-Predict,std+time_within,2,0.9577762923351159,0.994079449961803,523,244,0.9172061168965193,0.984613941270288
Stress-Predict,std+time_external,2,0.5300324675324675,0.5220906544435956,523,244,0.6555023923444976,0.7684585796040905
Stress-Predict,time_only_within,3,0.9536094477711244,0.994186626746507,514,235,0.9078282828282829,0.9826767676767677
Stress-Predict,std_within,3,0.6846972721224218,0.7578759148369927,514,235,0.6297979797979798,0.6965151515151515
Stress-Predict,std_external,3,0.6913506320691949,0.7214071856287425,514,235,0.692929292929293,0.7193939393939395
Stress-Predict,std+time_within,3,0.9598137059214904,0.9948935462408517,514,235,0.9232323232323232,0.9802020202020202
Stress-Predict,std+time_external,3,0.6075848303393214,0.6312707917498338,514,235,0.706060606060606,0.7558585858585858
Stress-Predict,time_only_within,4,0.9345425995175887,0.9752399915820827,526,238,0.8459757340001852,0.8788552375659906
Stress-Predict,std_within,4,0.7372638531397212,0.8010943292376929,526,238,0.6504584606835232,0.7301102158006852
Stress-Predict,std_external,4,0.7094199731274181,0.7885160183251583,526,238,0.7169121052144114,0.7586366583310178
Stress-Predict,std+time_within,4,0.9402327877875447,0.9820957376199958,526,238,0.8488005927572473,0.9131240159303511
Stress-Predict,std+time_external,4,0.6061709808492384,0.6953037734932737,526,238,0.6564786514772623,0.7925349634157636
Stress-Predict,time_only_within,5,0.929479455356067,0.9762019520424148,537,249,0.8335492227979275,0.9040062916358252
Stress-Predict,std_within,5,0.680322930473551,0.8035004217375586,537,249,0.6331883789785344,0.7133604737231681
Stress-Predict,std_external,5,0.6589046873117244,0.7096186287504518,537,249,0.64789970392302,0.7295521835677276
Stress-Predict,std+time_within,5,0.9283422701530305,0.9798620315700687,537,249,0.8398871206513694,0.9117320503330865
Stress-Predict,std+time_external,5,0.5734727075551271,0.6264158332329196,537,249,0.6392949666913397,0.7818282753515915
Stress-Predict,time_only_within,6,0.9032691847956011,0.9665311977049964,544,247,0.794266137756942,0.85250631085467
Stress-Predict,std_within,6,0.6937903418599092,0.8031765479321062,544,247,0.6225658131987017,0.674089433826181
Stress-Predict,std_external,6,0.6651326798948123,0.696718862060722,544,247,0.6250450775333574,0.6609267940858277
Stress-Predict,std+time_within,6,0.9131006454697586,0.9695194836241932,544,247,0.8281644428416877,0.8856833754056977
Stress-Predict,std+time_external,6,0.5303609849390389,0.5722716949557733,544,247,0.5917778579156149,0.6892354850342589
Stress-Predict,time_only_within,7,0.9032061178329085,0.9706674325925393,507,217,0.7950310559006211,0.8802684117125112
Stress-Predict,std_within,7,0.7507001041180483,0.8172369224141025,507,217,0.7511645962732919,0.8164374445430346
Stress-Predict,std_external,7,0.6322837755358489,0.7172476932466879,507,217,0.6809006211180124,0.8044587400177462
Stress-Predict,std+time_within,7,0.912522888019244,0.9747244461996912,507,217,0.8043478260869565,0.8900842945874002
Stress-Predict,std+time_external,7,0.5528937636879331,0.6124474921911465,507,217,0.6494565217391304,0.8732253771073647
Stress-Predict,time_only_within,8,0.9125762648000811,0.9624581539933046,556,251,0.7799966577540107,0.8586647727272727
Stress-Predict,std_within,8,0.7092372795385709,0.7596988536730288,556,251,0.7098512700534759,0.7390541443850268
Stress-Predict,std_external,8,0.6550947060272743,0.6980276219874498,556,251,0.7071356951871658,0.7304478609625668
Stress-Predict,std+time_within,8,0.905873657667058,0.9697839224381548,556,251,0.813711564171123,0.8856951871657754
Stress-Predict,std+time_external,8,0.5758010521281683,0.601901366607249,556,251,0.6902573529411764,0.7999665775401069
Stress-Predict,time_only_within,9,0.9549346399688035,0.9923365151489463,518,234,0.9023668639053255,0.9704142011834319
Stress-Predict,std_within,9,0.7355589088011394,0.8202556755565351,518,234,0.7065088757396449,0.774920345926263
Stress-Predict,std_external,9,0.6573557586341363,0.7080330954036046,518,234,0.6414201183431952,0.7061902594446973
Stress-Predict,std+time_within,9,0.9578932198504604,0.9939641579491701,518,234,0.8899408284023669,0.9758761948111061
Stress-Predict,std+time_external,9,0.5803394313422967,0.6403587596005493,518,234,0.6461538461538462,0.7598543468365954
Stress-Predict,time_only_within,10,0.9316474415853297,0.968944099378882,492,198,0.8317326930772309,0.888155262104842
Stress-Predict,std_within,10,0.7491274770777876,0.8211574484866411,492,198,0.71468587434974,0.7948512738428705
Stress-Predict,std_external,10,0.6362023070097604,0.722764468106083,492,198,0.6174469787915167,0.7013472055488862
Stress-Predict,std+time_within,10,0.9345459923099675,0.9780143941634626,492,198,0.8709483793517407,0.9050286781379218
Stress-Predict,std+time_external,10,0.5527358769594795,0.6221039140293798,492,198,0.6214485794317727,0.7620381485927704
Stress-Predict,time_only_within,11,0.9780856918238994,0.9982400657518582,511,206,0.9617957982068781,0.9943128596279941
Stress-Predict,std_within,11,0.6541595197255574,0.6955224413950829,511,206,0.7167804094741068,0.7315000669075338
Stress-Predict,std_external,11,0.5833601343624928,0.6079098770726129,511,206,0.6799812658905393,0.7597350461661982
Stress-Predict,std+time_within,11,0.982347055460263,0.9976772441395083,511,206,0.9724340960792186,0.9953164726348187
Stress-Predict,std+time_external,11,0.5058515580331618,0.5020547455688965,511,206,0.6635220125786163,0.8272447477585976
Stress-Predict,time_only_within,12,0.927556331478732,0.9768147628448824,534,228,0.8359183272798665,0.8940316089133209
Stress-Predict,std_within,12,0.716784414821583,0.7678049894760888,534,228,0.6453813684107195,0.6982428585452046
Stress-Predict,std_external,12,0.67814779161024,0.7309468256946597,534,228,0.6436634926867576,0.6525964464513596
Stress-Predict,std+time_within,12,0.9387247303757607,0.981889082869683,534,228,0.8635025031903406,0.9214685383331698
Stress-Predict,std+time_external,12,0.5747197702687269,0.6443244301587561,534,228,0.6126435653283597,0.6806714439972513
Stress-Predict,time_only_within,13,0.9310784551858149,0.9760975831916444,542,247,0.856280193236715,0.8913906142167012
Stress-Predict,std_within,13,0.679104930774836,0.7411191401505952,542,247,0.6372498274672187,0.6642512077294687
Stress-Predict,std_external,13,0.6407578333738159,0.6611534491134321,542,247,0.665631469979296,0.7140700483091788
Stress-Predict,std+time_within,13,0.9353443041049307,0.9751943162496963,542,247,0.8456262939958592,0.9051932367149758
Stress-Predict,std+time_external,13,0.5478351955307262,0.5534521496235122,542,247,0.6478174603174602,0.7573326432022085
Stress-Predict,time_only_within,14,0.9571372614850876,0.9931546453285583,494,213,0.8886168179646441,0.9663760152890588
Stress-Predict,std_within,14,0.7046705090183352,0.7657564396694831,494,213,0.6784519827998089,0.7239608217869088
Stress-Predict,std_external,14,0.6487325835151923,0.6995971126405909,494,213,0.6817367415193503,0.743191591017678
Stress-Predict,std+time_within,14,0.9541342584820846,0.9907298602950776,494,213,0.8982322025800287,0.9632107023411371
Stress-Predict,std+time_external,14,0.5549866636823159,0.6078563035084773,494,213,0.6357501194457716,0.8183229813664596
Stress-Predict,time_only_within,15,0.9739880059970014,0.9981592537064801,519,231,0.9299758015728977,0.9935974994958661
Stress-Predict,std_within,15,0.651024487756122,0.6797601199400298,519,231,0.6672716273442226,0.6748336358136721
Stress-Predict,std_external,15,0.5606446776611694,0.5430284857571215,519,231,0.5960375075620085,0.5985581770518249
Stress-Predict,std+time_within,15,0.9725137431284359,0.9948192570381476,519,231,0.9240774349667271,0.9864892115345836
Stress-Predict,std+time_external,15,0.4684407796101949,0.42503748125937024,519,231,0.5942226255293406,0.7058882839282113
Stress-Predict,time_only_within,16,0.9787234042553192,0.9991212290387279,476,199,0.9423076923076923,0.9982339089481947
Stress-Predict,std_within,16,0.6723114777826025,0.7538304075429563,476,199,0.5985740450026165,0.668694400837258
Stress-Predict,std_external,16,0.6575481256332321,0.7114322932820545,476,199,0.6996336996336996,0.7499345892203034
Stress-Predict,std+time_within,16,0.9673614126501664,0.9964642391911172,476,199,0.9162742019884877,0.9952904238618525
Stress-Predict,std+time_external,16,0.5413229121435809,0.6023819862291421,476,199,0.6598639455782314,0.8262689691261119
Stress-Predict,time_only_within,17,0.9363748363748364,0.9769692769692769,536,243,0.8614165890027959,0.8949673811742778
Stress-Predict,std_within,17,0.6964117964117964,0.7550781550781551,536,243,0.6723671947809879,0.6976700838769805
Stress-Predict,std_external,17,0.6987140987140987,0.7367829367829368,536,243,0.6906337371854614,0.7246039142590867
Stress-Predict,std+time_within,17,0.9308231308231308,0.978932778932779,536,243,0.832851817334576,0.906896551724138
Stress-Predict,std+time_external,17,0.6016709016709016,0.6247632247632248,536,243,0.6925442684063374,0.7668219944082014
Stress-Predict,time_only_within,18,0.956349584206183,0.992810893163207,533,234,0.8837347606303896,0.9657052235107543
Stress-Predict,std_within,18,0.6771805370405637,0.7652034533104806,533,234,0.7091882247992863,0.7900683913172761
Stress-Predict,std_external,18,0.6264282993715482,0.6229765758903066,533,234,0.6489741302408564,0.6770740410347903
Stress-Predict,std+time_within,18,0.96760140925538,0.9930648130514823,533,234,0.9128754088611359,0.9650113985528794
Stress-Predict,std+time_external,18,0.5178854821303879,0.5070145369136039,533,234,0.6309842402616711,0.7204876598275349
Stress-Predict,time_only_within,19,0.9721589058938457,0.9979139531097363,480,194,0.949764982373678,0.9974294947121034
Stress-Predict,std_within,19,0.7338000651253663,0.7951196678606316,480,194,0.6827262044653349,0.7749706227967098
Stress-Predict,std_external,19,0.7189433409312928,0.7801001302507327,480,194,0.745593419506463,0.7855464159811986
Stress-Predict,std+time_within,19,0.9766769781830023,0.9984329208726799,480,194,0.9606345475910694,0.997502937720329
Stress-Predict,std+time_external,19,0.6152718984044285,0.67305030934549,480,194,0.7297297297297297,0.824030552291422
UBFC-Phys,time_only_within,0,0.5,0.5,40,40,,
UBFC-Phys,std_within,0,0.7,0.855,40,40,,
UBFC-Phys,std_external,0,0.9,0.9275,40,40,,
UBFC-Phys,std+time_within,0,0.75,0.8475,40,40,,
UBFC-Phys,std+time_external,0,0.5,0.8425,40,40,,
UBFC-Phys,time_only_within,1,0.5,0.5,30,30,,
UBFC-Phys,std_within,1,0.65,0.9400000000000001,30,30,,
UBFC-Phys,std_external,1,0.85,0.9450000000000001,30,30,,
UBFC-Phys,std+time_within,1,0.65,0.9400000000000001,30,30,,
UBFC-Phys,std+time_external,1,0.5,0.72,30,30,,
UBFC-Phys,time_only_within,2,0.5,0.5,60,60,,
UBFC-Phys,std_within,2,0.8,0.9425,60,60,,
UBFC-Phys,std_external,2,0.85,0.9437500000000001,60,60,,
UBFC-Phys,std+time_within,2,0.8500000000000001,0.9400000000000001,60,60,,
UBFC-Phys,std+time_external,2,0.5,0.875,60,60,,
UBFC-Phys,time_only_within,3,0.5,0.5,30,30,,
UBFC-Phys,std_within,3,0.85,0.8500000000000001,30,30,,
UBFC-Phys,std_external,3,0.75,0.895,30,30,,
UBFC-Phys,std+time_within,3,0.825,0.8550000000000001,30,30,,
UBFC-Phys,std+time_external,3,0.5,0.875,30,30,,
UBFC-Phys,time_only_within,4,0.5,0.5,50,50,,
UBFC-Phys,std_within,4,0.8416666666666667,0.9683333333333334,50,50,,
UBFC-Phys,std_external,4,0.7583333333333333,0.8966666666666667,50,50,,
UBFC-Phys,std+time_within,4,0.8166666666666667,0.9683333333333334,50,50,,
UBFC-Phys,std+time_external,4,0.5,0.855,50,50,,
UBFC-Phys,time_only_within,5,0.5,0.5,60,60,,
UBFC-Phys,std_within,5,0.875,0.97375,60,60,,
UBFC-Phys,std_external,5,0.7250000000000001,0.855,60,60,,
UBFC-Phys,std+time_within,5,0.8625,0.9762500000000001,60,60,,
UBFC-Phys,std+time_external,5,0.5,0.84125,60,60,,
UBFC-Phys,time_only_within,6,0.5,0.5,30,30,,
UBFC-Phys,std_within,6,0.625,0.6699999999999999,30,30,,
UBFC-Phys,std_external,6,0.575,0.6799999999999999,30,30,,
UBFC-Phys,std+time_within,6,0.6499999999999999,0.6749999999999999,30,30,,
UBFC-Phys,std+time_external,6,0.5,0.67,30,30,,
UBFC-Phys,time_only_within,7,0.5,0.5,40,40,,
UBFC-Phys,std_within,7,0.725,0.86,40,40,,
UBFC-Phys,std_external,7,0.825,0.8725,40,40,,
UBFC-Phys,std+time_within,7,0.7749999999999999,0.8400000000000001,40,40,,
UBFC-Phys,std+time_external,7,0.5,0.7825,40,40,,
UBFC-Phys,time_only_within,8,0.5,0.5,50,50,,
UBFC-Phys,std_within,8,0.8166666666666667,0.8833333333333333,50,50,,
UBFC-Phys,std_external,8,0.7333333333333334,0.81,50,50,,
UBFC-Phys,std+time_within,8,0.8333333333333334,0.89,50,50,,
UBFC-Phys,std+time_external,8,0.5,0.7683333333333333,50,50,,
UBFC-Phys,time_only_within,9,0.5,0.5,60,60,,
UBFC-Phys,std_within,9,0.75,0.93,60,60,,
UBFC-Phys,std_external,9,0.9375,0.9937499999999999,60,60,,
UBFC-Phys,std+time_within,9,0.825,0.9375,60,60,,
UBFC-Phys,std+time_external,9,0.5,0.98625,60,60,,
UBFC-Phys,time_only_within,10,0.5,0.5,40,40,,
UBFC-Phys,std_within,10,0.825,0.89,40,40,,
UBFC-Phys,std_external,10,0.65,0.6799999999999999,40,40,,
UBFC-Phys,std+time_within,10,0.825,0.8925,40,40,,
UBFC-Phys,std+time_external,10,0.5,0.7675,40,40,,
UBFC-Phys,time_only_within,11,0.5,0.5,40,40,,
UBFC-Phys,std_within,11,0.8500000000000001,0.88,40,40,,
UBFC-Phys,std_external,11,0.7,0.745,40,40,,
UBFC-Phys,std+time_within,11,0.8500000000000001,0.88,40,40,,
UBFC-Phys,std+time_external,11,0.5,0.7975,40,40,,
UBFC-Phys,time_only_within,12,0.5,0.5,40,40,,
UBFC-Phys,std_within,12,0.775,0.8674999999999999,40,40,,
UBFC-Phys,std_external,12,0.825,0.9249999999999999,40,40,,
UBFC-Phys,std+time_within,12,0.775,0.8575,40,40,,
UBFC-Phys,std+time_external,12,0.5,0.8300000000000001,40,40,,
UBFC-Phys,time_only_within,13,0.5,0.5,50,50,,
UBFC-Phys,std_within,13,0.9,0.9666666666666667,50,50,,
UBFC-Phys,std_external,13,0.7833333333333333,0.9183333333333333,50,50,,
UBFC-Phys,std+time_within,13,0.9,0.9683333333333334,50,50,,
UBFC-Phys,std+time_external,13,0.5,0.855,50,50,,
UBFC-Phys,time_only_within,14,0.5,0.5,30,30,,
UBFC-Phys,std_within,14,0.775,0.79,30,30,,
UBFC-Phys,std_external,14,0.925,0.95,30,30,,
UBFC-Phys,std+time_within,14,0.775,0.8,30,30,,
UBFC-Phys,std+time_external,14,0.5,0.63,30,30,,
UBFC-Phys,time_only_within,15,0.5,0.5,40,40,,
UBFC-Phys,std_within,15,0.925,0.9625,40,40,,
UBFC-Phys,std_external,15,0.7,0.7675000000000001,40,40,,
UBFC-Phys,std+time_within,15,0.925,0.9675,40,40,,
UBFC-Phys,std+time_external,15,0.5,0.7525,40,40,,
UBFC-Phys,time_only_within,16,0.5,0.5,30,30,,
UBFC-Phys,std_within,16,0.85,0.975,30,30,,
UBFC-Phys,std_external,16,0.8,0.9400000000000001,30,30,,
UBFC-Phys,std+time_within,16,0.875,0.975,30,30,,
UBFC-Phys,std+time_external,16,0.5,0.8300000000000001,30,30,,
UBFC-Phys,time_only_within,17,0.5,0.5,40,40,,
UBFC-Phys,std_within,17,0.75,0.86,40,40,,
UBFC-Phys,std_external,17,0.7749999999999999,0.8775,40,40,,
UBFC-Phys,std+time_within,17,0.75,0.845,40,40,,
UBFC-Phys,std+time_external,17,0.5,0.7725000000000001,40,40,,
UBFC-Phys,time_only_within,18,0.5,0.5,40,40,,
UBFC-Phys,std_within,18,0.675,0.745,40,40,,
UBFC-Phys,std_external,18,0.575,0.6875,40,40,,
UBFC-Phys,std+time_within,18,0.675,0.7525,40,40,,
UBFC-Phys,std+time_external,18,0.5,0.715,40,40,,
UBFC-Phys,time_only_within,19,0.5,0.5,30,30,,
UBFC-Phys,std_within,19,0.875,0.9550000000000001,30,30,,
UBFC-Phys,std_external,19,0.825,0.91,30,30,,
UBFC-Phys,std+time_within,19,0.875,0.9550000000000001,30,30,,
UBFC-Phys,std+time_external,19,0.5,0.825,30,30,,
WESAD,time_only_within,0,0.9280085432316983,0.9790838120489027,281,81,0.5971986417657046,0.8213073005093379
WESAD,std_within,0,0.9931506849315068,0.9994844601561349,281,81,1.0,1.0
WESAD,std_external,0,0.9394240683458536,0.9947709530122257,281,81,0.9393039049235994,0.99830220713073
WESAD,std+time_within,0,0.9977168949771689,1.0,281,81,1.0,1.0
WESAD,std+time_external,0,0.4913094712034173,0.5830755634114008,281,81,0.5483870967741935,0.9991511035653651
WESAD,time_only_within,1,0.9049923195084486,0.946505376344086,277,84,0.48333333333333334,0.595486111111111
WESAD,std_within,1,0.9473502304147465,0.9915514592933948,277,84,0.975,0.9986111111111111
WESAD,std_external,1,0.9124423963133641,0.9817204301075269,277,84,0.7916666666666667,0.9333333333333333
WESAD,std+time_within,1,0.9930875576036866,0.9998463901689707,277,84,0.9375,0.9986111111111111
WESAD,std+time_external,1,0.4351382488479263,0.4675883256528418,277,84,0.525,0.9013888888888889
WESAD,time_only_within,2,0.8762435936086825,0.9453572505275851,276,87,0.7512903225806452,0.7861290322580645
WESAD,std_within,2,0.8834790473319265,0.969550798914682,276,87,0.8951612903225806,0.9916129032258064
WESAD,std_external,2,0.8908652396744046,0.9624660838106723,276,87,0.9116129032258065,0.9761290322580645
WESAD,std+time_within,2,0.9112903225806452,0.9824389508592101,276,87,0.9112903225806452,0.9819354838709677
WESAD,std+time_external,2,0.42990654205607476,0.38536328007235454,276,87,0.5,0.955483870967742
WESAD,time_only_within,3,0.9070336391437309,0.9347477064220184,278,84,0.6125,0.6333333333333334
WESAD,std_within,3,0.9931192660550459,0.9997706422018348,278,84,1.0,1.0
WESAD,std_external,3,0.9457951070336391,0.9778287461773699,278,84,0.9916666666666667,0.9986111111111111
WESAD,std+time_within,3,1.0,1.0,278,84,1.0,1.0
WESAD,std+time_external,3,0.5383027522935779,0.5888379204892966,278,84,0.575,1.0
WESAD,time_only_within,4,0.9246575342465753,0.963582603488285,280,96,0.6142857142857143,0.7838407494145199
WESAD,std_within,4,0.9803877535743692,0.9973800434164233,280,96,0.9775175644028102,0.9995316159250586
WESAD,std_external,4,0.9246575342465753,0.989894453177633,280,96,0.8428571428571429,0.9648711943793911
WESAD,std+time_within,4,0.9908675799086758,0.9997005763904484,280,96,0.9428571428571428,0.9981264637002342
WESAD,std+time_external,4,0.4378321730668463,0.4486862789130923,280,96,0.5245901639344263,0.9362997658079626
WESAD,time_only_within,5,0.8831797235023042,0.9377112135176653,277,68,0.45,0.36666666666666664
WESAD,std_within,5,0.9838709677419355,0.9971582181259601,277,68,1.0,1.0
WESAD,std_external,5,0.9363671274961598,0.9923195084485407,277,68,0.8666666666666667,0.9875
WESAD,std+time_within,5,1.0,1.0,277,68,1.0,1.0
WESAD,std+time_external,5,0.4947004608294931,0.6052227342549923,277,68,0.55,0.98125
WESAD,time_only_within,6,0.8857511997046881,0.9438169066076043,278,87,0.753968253968254,0.8045634920634921
WESAD,std_within,6,0.7806570690291621,0.9329272794389074,278,87,0.8015873015873016,0.9742063492063493
WESAD,std_external,6,0.8172019195275009,0.9258767072720562,278,87,0.810515873015873,0.9345238095238095
WESAD,std+time_within,6,0.8412698412698413,0.9677371723883352,278,87,0.8412698412698413,0.9477513227513227
WESAD,std+time_external,6,0.4242155777039498,0.41439645625692134,278,87,0.5079365079365079,0.9378306878306878
WESAD,time_only_within,7,0.8798963133640554,0.9329997119815667,281,95,0.6794354838709677,0.7570564516129032
WESAD,std_within,7,0.859375,0.9598214285714286,281,95,0.859375,0.9707661290322581
WESAD,std_external,7,0.8909130184331797,0.9606854838709677,281,95,0.8724798387096775,0.966733870967742
WESAD,std+time_within,7,0.8961333525345623,0.9835829493087558,281,95,0.8823084677419355,0.9717741935483872
WESAD,std+time_external,7,0.4502088133640553,0.4340437788018433,281,95,0.5078125,0.9425403225806451
WESAD,time_only_within,8,0.9201102968950668,0.9649467401979301,278,68,0.47540983606557374,0.43091334894613587
WESAD,std_within,8,0.933406360957921,0.9769585253456221,278,68,0.9426229508196722,0.9859484777517564
WESAD,std_external,8,0.8660572637304526,0.9678174813024099,278,68,0.7669789227166277,0.946135831381733
WESAD,std+time_within,8,0.9439072297348341,0.9914633225050993,278,68,0.9508196721311475,0.9859484777517564
WESAD,std+time_external,8,0.5043816574752588,0.6129032258064516,278,68,0.5573770491803278,0.8899297423887588
WESAD,time_only_within,9,0.9361111111111111,0.9778935185185185,276,85,0.7316666666666667,0.8850000000000001
WESAD,std_within,9,0.9814814814814814,0.9990740740740741,276,85,1.0,1.0
WESAD,std_external,9,0.9513888888888888,0.9944444444444445,276,85,1.0,1.0
WESAD,std+time_within,9,0.9976851851851851,1.0,276,85,1.0,1.0
WESAD,std+time_external,9,0.42592592592592593,0.40594135802469133,276,85,0.5,0.9986666666666666
WESAD,time_only_within,10,0.9188172043010753,0.9526881720430108,277,84,0.65,0.6760416666666667
WESAD,std_within,10,0.9640168970814131,0.9920890937019969,277,84,0.9708333333333333,0.998611111111111
WESAD,std_external,10,0.9308755760368663,0.9855606758832566,277,84,0.7708333333333333,0.9430555555555555
WESAD,std+time_within,10,0.988479262672811,0.9996159754224271,277,84,0.8958333333333333,0.9965277777777777
WESAD,std+time_external,10,0.4420506912442397,0.48187403993855604,277,84,0.525,0.9
WESAD,time_only_within,11,0.8724798387096775,0.9244671658986177,281,100,0.5642361111111112,0.68359375
WESAD,std_within,11,0.8892209101382489,0.9663018433179723,281,100,0.8984375,0.9939236111111112
WESAD,std_external,11,0.8701756912442397,0.9550691244239632,281,100,0.9253472222222222,0.9926215277777778
WESAD,std+time_within,11,0.8837125576036866,0.976022465437788,281,100,0.890625,0.9822048611111112
WESAD,std+time_external,11,0.4055299539170507,0.3419498847926267,281,100,0.5,0.9887152777777778
WESAD,time_only_within,12,0.852428216944346,0.9299184686281461,282,100,0.5307692307692308,0.6775824175824177
WESAD,std_within,12,0.8108472172988301,0.9073378234668558,282,100,0.8615384615384616,0.963076923076923
WESAD,std_external,12,0.8639844026940802,0.941439205955335,282,100,0.7824175824175824,0.8975824175824176
WESAD,std+time_within,12,0.8746189294576392,0.9775611485288905,282,100,0.8626373626373627,0.9714285714285714
WESAD,std+time_external,12,0.426302729528536,0.3965969514356611,282,100,0.5230769230769231,0.8716483516483517
WESAD,time_only_within,13,0.9297235023041475,0.9654006243496359,279,85,0.5571528751753155,0.7047685834502103
WESAD,std_within,13,0.9147465437788018,0.9736137951538576,279,85,0.935483870967742,0.9866760168302946
WESAD,std_external,13,0.8525345622119815,0.9570387988702245,279,85,0.7019635343618513,0.8800841514726507
WESAD,std+time_within,13,0.9596774193548387,0.9944254496803924,279,85,0.9596774193548387,0.9782608695652174
WESAD,std+time_external,13,0.4470046082949308,0.49405381299241863,279,85,0.532258064516129,0.8779803646563815
WESAD,time_only_within,14,0.9123642896196205,0.9405217527142076,276,84,0.6545762711864407,0.6528813559322033
WESAD,std_within,14,0.9815668202764978,0.9971100523314849,276,84,1.0,1.0
WESAD,std_external,14,0.9377880184331797,0.9753963914707491,276,84,0.98,1.0
WESAD,std+time_within,14,0.9976958525345623,0.9999218933062564,276,84,0.98,0.9993220338983051
WESAD,std+time_external,14,0.4739904709833633,0.5018355073029759,276,84,0.5338983050847458,1.0
WESAD,time_only_within,15,0.8889538482701699,0.9392667996423413,284,98,0.5917188252286952,0.7140105922002888
WESAD,std_within,15,0.8432835820895522,0.966159983492675,284,98,0.8432835820895522,0.9860375541646605
WESAD,std_external,15,0.8855492124630304,0.9566682715454984,284,98,0.8832450649975927,0.9735194992778045
WESAD,std+time_within,15,0.9156063002957562,0.9817043813192103,284,98,0.9017814155031295,0.9754453538757824
WESAD,std+time_external,15,0.4613797372584084,0.416741178898136,284,98,0.5074626865671642,0.9504092441020703
WESAD,time_only_within,16,0.8762044407205698,0.9234743750872783,283,102,0.5517676767676768,0.6304713804713804
WESAD,std_within,16,0.8484848484848485,0.9724200530652144,283,102,0.8484848484848485,0.9915824915824916
WESAD,std_external,16,0.8732369780756877,0.950286272866918,283,102,0.9191919191919191,0.9903198653198653
WESAD,std+time_within,16,0.9067867616254713,0.9815668202764977,283,102,0.8952020202020202,0.9772727272727273
WESAD,std+time_external,16,0.4216589861751152,0.3379416282642089,283,102,0.5,0.9848484848484849
WESAD,time_only_within,17,0.8389550264550265,0.9160787771898885,279,99,0.6190476190476191,0.6569664902998236
WESAD,std_within,17,0.8888888888888888,0.9767048794826573,279,99,0.8888888888888888,0.9951499118165784
WESAD,std_external,17,0.8875661375661376,0.946355085243974,279,99,0.9246031746031746,0.9832451499118167
WESAD,std+time_within,17,0.9047619047619048,0.987580834803057,279,99,0.9047619047619048,0.990299823633157
WESAD,std+time_external,17,0.49007936507936506,0.43974132863021753,279,99,0.5317460317460317,0.9682539682539683
WESAD,time_only_within,18,0.9321705426356589,0.9834108527131783,275,73,0.6756410256410257,0.8833333333333333
WESAD,std_within,18,0.9160852713178295,0.9782945736434108,275,73,0.9416666666666667,0.9961538461538461
WESAD,std_external,18,0.8608527131782946,0.9649612403100776,275,73,0.9166666666666667,1.0
WESAD,std+time_within,18,0.9560077519379845,0.9975193798449612,275,73,0.9583333333333333,1.0
WESAD,std+time_external,18,0.4176356589147287,0.46511627906976744,275,73,0.5083333333333333,1.0
WESAD,time_only_within,19,0.9398148148148149,0.9762544802867383,278,86,0.5,0.7876344086021505
WESAD,std_within,19,0.9227150537634409,0.9831989247311829,278,86,0.9435483870967742,1.0
WESAD,std_external,19,0.875373357228196,0.9711021505376345,278,86,0.9193548387096775,1.0
WESAD,std+time_within,19,0.9596774193548387,0.998805256869773,278,86,0.9596774193548387,0.9966397849462365
WESAD,std+time_external,19,0.41315710872162487,0.4159199522102748,278,86,0.5080645161290323,0.9899193548387096
