train,test,normalisation,method,seed,balanced_accuracy,macro_f1,auroc
WESAD,PhysioNet,none,source_only,0,0.639367816091954,0.6368693180425886,0.6535374554102258
WESAD,PhysioNet,none,finetune_k5 (uses target labels),0,0.9333333333333333,0.4827586206896552,
WESAD,PhysioNet,none,coral,0,0.6522988505747127,0.6494749410648134,0.6673355132778439
WESAD,PhysioNet,none,mmd,0,0.5998563218390804,0.5772146811114969,0.6375594530321046
WESAD,PhysioNet,none,dann,0,0.6257183908045978,0.610752427184466,0.6600896749900911
WESAD,PhysioNet,none,subject_dann,0,0.6364942528735632,0.629643143837116,0.6692429647245343
WESAD,PhysioNet,none,source_only,1,0.6285919540229885,0.6275802628743805,0.6451768727705113
WESAD,PhysioNet,none,finetune_k5 (uses target labels),1,0.9333333333333333,0.4827586206896552,
WESAD,PhysioNet,none,coral,1,0.6372126436781609,0.6366654940226011,0.6620095124851367
WESAD,PhysioNet,none,mmd,1,0.6027298850574713,0.579556530214425,0.6333605826397146
WESAD,PhysioNet,none,dann,1,0.625,0.6107996602354083,0.644867221561633
WESAD,PhysioNet,none,subject_dann,1,0.6522988505747127,0.6517000253044246,0.6852952833927863
WESAD,PhysioNet,none,source_only,2,0.6199712643678161,0.6200551578816895,0.6521130598493856
WESAD,PhysioNet,none,finetune_k5 (uses target labels),2,0.9333333333333333,0.4827586206896552,
WESAD,PhysioNet,none,coral,2,0.6163793103448276,0.6153126768882435,0.6657624851367421
WESAD,PhysioNet,none,mmd,2,0.5962643678160919,0.5717064544650752,0.6318866428854538
WESAD,PhysioNet,none,dann,2,0.6458333333333334,0.6374361373176762,0.6554696789536265
WESAD,PhysioNet,none,subject_dann,2,0.6846264367816093,0.6863407679117649,0.7067726912405867
WESAD,PhysioNet,none,source_only,3,0.6221264367816093,0.6227307027883278,0.6600772889417359
WESAD,PhysioNet,none,finetune_k5 (uses target labels),3,0.9333333333333333,0.4827586206896552,
WESAD,PhysioNet,none,coral,3,0.6278735632183907,0.6278735632183907,0.6723394768133174
WESAD,PhysioNet,none,mmd,3,0.5941091954022988,0.57251973439963,0.6441736028537455
WESAD,PhysioNet,none,dann,3,0.6443965517241379,0.632949257027747,0.6564481767736821
WESAD,PhysioNet,none,subject_dann,3,0.6580459770114943,0.6476100877059877,0.7309998018232264
WESAD,PhysioNet,none,source_only,4,0.6336206896551724,0.630257134300261,0.6538718787158146
WESAD,PhysioNet,none,finetune_k5 (uses target labels),4,0.9333333333333333,0.4827586206896552,
WESAD,PhysioNet,none,coral,4,0.6544540229885057,0.6503997019792729,0.6695773880301228
WESAD,PhysioNet,none,mmd,4,0.6120689655172413,0.5896992572750518,0.6415601466508125
WESAD,PhysioNet,none,dann,4,0.610632183908046,0.5901384125130751,0.6409532302814109
WESAD,PhysioNet,none,subject_dann,4,0.6185344827586208,0.6005102040816327,0.7126684502576298
WESAD,PhysioNet,none,source_only,5,0.6214080459770115,0.6203086161494351,0.6541567578279825
WESAD,PhysioNet,none,finetune_k5 (uses target labels),5,0.8666666666666667,0.4642857142857143,
WESAD,PhysioNet,none,coral,5,0.6336206896551724,0.632579185520362,0.6693544391597306
WESAD,PhysioNet,none,mmd,5,0.6170977011494253,0.5946426397175211,0.640470174395561
WESAD,PhysioNet,none,dann,5,0.6386494252873562,0.6301020408163265,0.6669515457788348
WESAD,PhysioNet,none,subject_dann,5,0.6846264367816092,0.6829431767172733,0.7256242568370987
WESAD,PhysioNet,none,source_only,6,0.6443965517241379,0.643947628458498,0.6520263575108998
WESAD,PhysioNet,none,finetune_k5 (uses target labels),6,0.7333333333333333,0.4230769230769231,
WESAD,PhysioNet,none,coral,6,0.6436781609195403,0.6434632034632035,0.668375941339675
WESAD,PhysioNet,none,mmd,6,0.6170977011494253,0.5946426397175211,0.6390953230281411
WESAD,PhysioNet,none,dann,6,0.6573275862068966,0.6495574790896712,0.6606346611177171
WESAD,PhysioNet,none,subject_dann,6,0.6760057471264368,0.6777615400120943,0.7086058263971463
WESAD,PhysioNet,none,source_only,7,0.6099137931034483,0.6099903938520653,0.6571417954815696
WESAD,PhysioNet,none,finetune_k5 (uses target labels),7,0.9333333333333333,0.4827586206896552,
WESAD,PhysioNet,none,coral,7,0.6436781609195402,0.6425770308123249,0.6757208680142688
WESAD,PhysioNet,none,mmd,7,0.5948275862068966,0.5722698235806372,0.647010007927071
WESAD,PhysioNet,none,dann,7,0.6235632183908046,0.6054421768707483,0.6409284581847008
WESAD,PhysioNet,none,subject_dann,7,0.6587643678160919,0.6476785183297227,0.6826694411414982
WESAD,PhysioNet,none,source_only,8,0.6185344827586207,0.6175824175824176,0.6600153586999603
WESAD,PhysioNet,none,finetune_k5 (uses target labels),8,0.9333333333333333,0.4827586206896552,
WESAD,PhysioNet,none,coral,8,0.6515804597701149,0.649131194263124,0.6756093935790726
WESAD,PhysioNet,none,mmd,8,0.6027298850574713,0.5760166598472033,0.6466012683313516
WESAD,PhysioNet,none,dann,8,0.6214080459770115,0.5998101635514019,0.6419565001981768
WESAD,PhysioNet,none,subject_dann,8,0.6724137931034483,0.6662221166669711,0.7179077487118509
WESAD,PhysioNet,none,source_only,9,0.6408045977011494,0.6407012940397433,0.668648434403488
WESAD,PhysioNet,none,finetune_k5 (uses target labels),9,0.9333333333333333,0.4827586206896552,
WESAD,PhysioNet,none,coral,9,0.6429597701149425,0.6421364070638271,0.6772195798652397
WESAD,PhysioNet,none,mmd,9,0.5991379310344828,0.5740288893226625,0.6437648632580262
WESAD,PhysioNet,none,dann,9,0.6357758620689655,0.6275704539793817,0.6600896749900913
WESAD,PhysioNet,none,subject_dann,9,0.6602011494252873,0.653963229027152,0.6941389219183511
PhysioNet,WESAD,none,source_only,0,0.5642717553088749,0.5471123445513947,0.7142638019383499
PhysioNet,WESAD,none,finetune_k5 (uses target labels),0,0.8565704872735002,0.8763640467189528,0.9164461448536053
PhysioNet,WESAD,none,coral,0,0.5715860157022258,0.5568949270358203,0.7160362673695931
PhysioNet,WESAD,none,mmd,0,0.6500744208241964,0.6090047764058069,0.7300455614511493
PhysioNet,WESAD,none,dann,0,0.7313124197561724,0.7211018631224573,0.8065285810050786
PhysioNet,WESAD,none,subject_dann,0,0.5795763125901855,0.43222045516712415,0.7199106950109643
PhysioNet,WESAD,none,source_only,1,0.6348522377376069,0.6386200624169921,0.7520195880154067
PhysioNet,WESAD,none,finetune_k5 (uses target labels),1,0.8727668845315905,0.8809117490407505,0.9220362399702429
PhysioNet,WESAD,none,coral,1,0.6412831059048095,0.6462283178701089,0.7606205901400929
PhysioNet,WESAD,none,mmd,1,0.7206037744424119,0.686476142409522,0.8070739549839229
PhysioNet,WESAD,none,dann,1,0.735760626271119,0.6738878314142769,0.8602535989001625
PhysioNet,WESAD,none,subject_dann,1,0.7727949280219968,0.7539042685230155,0.8643978730414825
PhysioNet,WESAD,none,source_only,2,0.6544629770602071,0.661424710820941,0.7395952870598661
PhysioNet,WESAD,none,finetune_k5 (uses target labels),2,0.8676284605983315,0.878205496740776,0.9184547531749828
PhysioNet,WESAD,none,coral,2,0.6566359515071637,0.6639928223283784,0.7388965266494723
PhysioNet,WESAD,none,mmd,2,0.7482190131003374,0.724826927827068,0.8315419313056026
PhysioNet,WESAD,none,dann,2,0.7336444616136253,0.7227543508874209,0.8107836342358515
PhysioNet,WESAD,none,subject_dann,2,0.6874921886539489,0.6122935480715939,0.8317180416529376
PhysioNet,WESAD,none,source_only,3,0.6092878324792929,0.6069835301094398,0.7184904502743913
PhysioNet,WESAD,none,finetune_k5 (uses target labels),3,0.8809129071682874,0.8897715366507464,0.9274669217280408
PhysioNet,WESAD,none,coral,3,0.6125032665628941,0.611034204690545,0.7236828650313021
PhysioNet,WESAD,none,mmd,3,0.7398622930703418,0.7167373152814556,0.822503493802052
PhysioNet,WESAD,none,dann,3,0.7279748446252259,0.7314789139225881,0.8222932975810392
PhysioNet,WESAD,none,subject_dann,3,0.697902582573029,0.6821577590864324,0.761205730971561
PhysioNet,WESAD,none,source_only,4,0.642149455194119,0.6452755804725699,0.7670571392862418
PhysioNet,WESAD,none,finetune_k5 (uses target labels),4,0.902083001222169,0.9114558245227307,0.9364153249375632
PhysioNet,WESAD,none,coral,4,0.6517957574449229,0.6572392965002665,0.7705566223171578
PhysioNet,WESAD,none,mmd,4,0.7600212468612592,0.7403956900356293,0.8547884971538295
PhysioNet,WESAD,none,dann,4,0.7707128492381807,0.7791774464056166,0.8743878745185372
PhysioNet,WESAD,none,subject_dann,4,0.7566268619408496,0.708287841967888,0.8576801154374921
PhysioNet,WESAD,none,source_only,5,0.6098530898844489,0.6082548562652556,0.7203083635372047
PhysioNet,WESAD,none,finetune_k5 (uses target labels),5,0.8687177852170679,0.879842070629524,0.915946649662575
PhysioNet,WESAD,none,coral,5,0.6152414984150069,0.6154100742520598,0.7272505198095736
PhysioNet,WESAD,none,mmd,5,0.7337836455978094,0.6981455791321163,0.7845261495460898
PhysioNet,WESAD,none,dann,5,0.7471083817163373,0.7483500717360114,0.8123345414881892
PhysioNet,WESAD,none,subject_dann,5,0.6899520525376932,0.6727893018961111,0.7472816515741992
PhysioNet,WESAD,none,source_only,6,0.5585481690204857,0.5295352579868543,0.6966243623101133
PhysioNet,WESAD,none,finetune_k5 (uses target labels),6,0.8486848397895743,0.8660074664514177,0.9101865136298422
PhysioNet,WESAD,none,coral,6,0.5719751627600468,0.5511868466898955,0.7081624305500325
PhysioNet,WESAD,none,mmd,6,0.773499369411337,0.725259233733279,0.8706554713508232
PhysioNet,WESAD,none,dann,6,0.7258728824150977,0.7326884877541675,0.8125106518355243
PhysioNet,WESAD,none,subject_dann,6,0.7383767170758866,0.6961124412080448,0.8471873473236908
PhysioNet,WESAD,none,source_only,7,0.5811442627793622,0.5667985659274997,0.6862736186699693
PhysioNet,WESAD,none,finetune_k5 (uses target labels),7,0.8614007120463362,0.873804244535952,0.9185078909612625
PhysioNet,WESAD,none,coral,7,0.5906314976196698,0.5805439184471443,0.6935509527001693
PhysioNet,WESAD,none,mmd,7,0.7295257518775635,0.6936787646410001,0.7957176780702852
PhysioNet,WESAD,none,dann,7,0.6877648756433709,0.6962263004375304,0.7963709906491085
PhysioNet,WESAD,none,subject_dann,7,0.7538375012782204,0.7329279204950813,0.8340415620419711
PhysioNet,WESAD,none,source_only,8,0.6305062888436935,0.6327452305279578,0.7755786077056798
PhysioNet,WESAD,none,finetune_k5 (uses target labels),8,0.8855784048036559,0.9021550250089665,0.9330463892874222
PhysioNet,WESAD,none,coral,8,0.6362128321952438,0.6395864425843012,0.782231034051788
PhysioNet,WESAD,none,mmd,8,0.6993853180780112,0.6686099865047233,0.7946837399020599
PhysioNet,WESAD,none,dann,8,0.7412967402542806,0.7500415647341044,0.8503857384704531
PhysioNet,WESAD,none,subject_dann,8,0.7383284287548431,0.74560208737957,0.8290082146955563
PhysioNet,WESAD,none,source_only,9,0.6215843114085419,0.6218768506541984,0.7259438946519263
PhysioNet,WESAD,none,finetune_k5 (uses target labels),9,0.8877092300334768,0.8983543819364714,0.9378287900526064
PhysioNet,WESAD,none,coral,9,0.6285804369809006,0.630877576721681,0.7392885141967664
PhysioNet,WESAD,none,mmd,9,0.7983934191539885,0.7570710472042042,0.8932771295149581
PhysioNet,WESAD,none,dann,9,0.7416631633963164,0.7032841661333809,0.8273380068853464
PhysioNet,WESAD,none,subject_dann,9,0.7496477793053299,0.6952423715908869,0.8582368513742289
WESAD,PhysioNet,subject_zscore,source_only,0,0.5337643678160919,0.4296348080828256,0.7005796670630201
WESAD,PhysioNet,subject_zscore,finetune_k5 (uses target labels),0,0.9333333333333333,0.4827586206896552,
WESAD,PhysioNet,subject_zscore,coral,0,0.576867816091954,0.49852232676948943,0.6929622473246135
WESAD,PhysioNet,subject_zscore,mmd,0,0.5222701149425287,0.4834733201581028,0.5232114546175188
WESAD,PhysioNet,subject_zscore,dann,0,0.5991379310344828,0.5358231707317074,0.6732932025366627
WESAD,PhysioNet,subject_zscore,subject_dann,0,0.5732758620689655,0.49783549783549785,0.7081351565596512
WESAD,PhysioNet,subject_zscore,source_only,1,0.5402298850574713,0.4404156064461408,0.6995640110978993
WESAD,PhysioNet,subject_zscore,finetune_k5 (uses target labels),1,0.8666666666666667,0.4642857142857143,
WESAD,PhysioNet,subject_zscore,coral,1,0.5933908045977012,0.5316770186335403,0.69683908045977
WESAD,PhysioNet,subject_zscore,mmd,1,0.5675287356321839,0.537381459972065,0.5900713436385255
WESAD,PhysioNet,subject_zscore,dann,1,0.625,0.6019389687657952,0.6754236028537456
WESAD,PhysioNet,subject_zscore,subject_dann,1,0.5775862068965517,0.5512223124698468,0.6758075703527546
WESAD,PhysioNet,subject_zscore,source_only,2,0.5531609195402298,0.46148189005331863,0.699910820451843
WESAD,PhysioNet,subject_zscore,finetune_k5 (uses target labels),2,0.8,0.4444444444444444,
WESAD,PhysioNet,subject_zscore,coral,2,0.5833333333333333,0.5150458305387883,0.6923057867617914
WESAD,PhysioNet,subject_zscore,mmd,2,0.5416666666666667,0.49927798952619995,0.5857857709076497
WESAD,PhysioNet,subject_zscore,dann,2,0.5545977011494253,0.47420223787815996,0.6663446294094333
WESAD,PhysioNet,subject_zscore,subject_dann,2,0.555316091954023,0.47279574081288145,0.661935196195006
WESAD,PhysioNet,subject_zscore,source_only,3,0.5581896551724138,0.4747189732853957,0.6929746333729687
WESAD,PhysioNet,subject_zscore,finetune_k5 (uses target labels),3,0.8666666666666667,0.4642857142857143,
WESAD,PhysioNet,subject_zscore,coral,3,0.576867816091954,0.5182408038577091,0.6730207094728498
WESAD,PhysioNet,subject_zscore,mmd,3,0.5387931034482759,0.5019940210188923,0.5708358105430044
WESAD,PhysioNet,subject_zscore,dann,3,0.6027298850574713,0.6001272428074167,0.6440869005152596
WESAD,PhysioNet,subject_zscore,subject_dann,3,0.5165229885057471,0.36676596223021585,0.6072384066587395
WESAD,PhysioNet,subject_zscore,source_only,4,0.5308908045977011,0.42784971682310086,0.6993658343242172
WESAD,PhysioNet,subject_zscore,finetune_k5 (uses target labels),4,0.8,0.4444444444444444,
WESAD,PhysioNet,subject_zscore,coral,4,0.5761494252873564,0.5131431181833755,0.7018802021403092
WESAD,PhysioNet,subject_zscore,mmd,4,0.5711206896551724,0.5391657003319283,0.6387732857709076
WESAD,PhysioNet,subject_zscore,dann,4,0.5876436781609196,0.5387861084063617,0.6753988307570353
WESAD,PhysioNet,subject_zscore,subject_dann,4,0.521551724137931,0.38419663820150013,0.6798206500198177
WESAD,PhysioNet,subject_zscore,source_only,5,0.5488505747126436,0.45453108535300313,0.6892340467697187
WESAD,PhysioNet,subject_zscore,finetune_k5 (uses target labels),5,0.9333333333333333,0.4827586206896552,
WESAD,PhysioNet,subject_zscore,coral,5,0.5941091954022988,0.5243009981624591,0.6912901307966706
WESAD,PhysioNet,subject_zscore,mmd,5,0.5193965517241379,0.49037136821479965,0.5299246928260009
WESAD,PhysioNet,subject_zscore,dann,5,0.5933908045977011,0.5254191817572099,0.6662455410225921
WESAD,PhysioNet,subject_zscore,subject_dann,5,0.5208333333333334,0.37508745417401285,0.5789239001189062
WESAD,PhysioNet,subject_zscore,source_only,6,0.5330459770114943,0.42218045112781954,0.7062772493063812
WESAD,PhysioNet,subject_zscore,finetune_k5 (uses target labels),6,0.8,0.4444444444444444,
WESAD,PhysioNet,subject_zscore,coral,6,0.5653735632183908,0.48333982599662384,0.7020164486722156
WESAD,PhysioNet,subject_zscore,mmd,6,0.5797413793103449,0.5414467959043863,0.6307966706302022
WESAD,PhysioNet,subject_zscore,dann,6,0.5704022988505747,0.4958533588115321,0.669317281014665
WESAD,PhysioNet,subject_zscore,subject_dann,6,0.569683908045977,0.5037812237415018,0.698127229488704
WESAD,PhysioNet,subject_zscore,source_only,7,0.5416666666666666,0.44567346696479804,0.6950059453032105
WESAD,PhysioNet,subject_zscore,finetune_k5 (uses target labels),7,0.7333333333333333,0.4230769230769231,
WESAD,PhysioNet,subject_zscore,coral,7,0.5625,0.48140079233856586,0.6986722156163298
WESAD,PhysioNet,subject_zscore,mmd,7,0.5323275862068966,0.4982014056706451,0.5592424692826001
WESAD,PhysioNet,subject_zscore,dann,7,0.5395114942528736,0.4505442777287437,0.6640160523186682
WESAD,PhysioNet,subject_zscore,subject_dann,7,0.5431034482758621,0.4735524256651017,0.6895065398335316
WESAD,PhysioNet,subject_zscore,source_only,8,0.5438218390804598,0.4491833508956796,0.7050138723741577
WESAD,PhysioNet,subject_zscore,finetune_k5 (uses target labels),8,0.8666666666666667,0.4642857142857143,
WESAD,PhysioNet,subject_zscore,coral,8,0.5790229885057472,0.5151930894308943,0.698981866825208
WESAD,PhysioNet,subject_zscore,mmd,8,0.584051724137931,0.559169431973453,0.646266845025763
WESAD,PhysioNet,subject_zscore,dann,8,0.5876436781609196,0.5275247925521149,0.6776159334126041
WESAD,PhysioNet,subject_zscore,subject_dann,8,0.5387931034482759,0.4438356164383561,0.6777645659928656
WESAD,PhysioNet,subject_zscore,source_only,9,0.5280172413793104,0.42606271777003485,0.6988703923900119
WESAD,PhysioNet,subject_zscore,finetune_k5 (uses target labels),9,0.8666666666666667,0.4642857142857143,
WESAD,PhysioNet,subject_zscore,coral,9,0.5639367816091954,0.48606267276344006,0.6935196195005945
WESAD,PhysioNet,subject_zscore,mmd,9,0.5431034482758621,0.5076061193708252,0.5610879904875148
WESAD,PhysioNet,subject_zscore,dann,9,0.5682471264367817,0.5120038764812123,0.6387485136741973
WESAD,PhysioNet,subject_zscore,subject_dann,9,0.5129310344827587,0.3678705830604565,0.6352061038446295
PhysioNet,WESAD,subject_zscore,source_only,0,0.7970498676331905,0.7439095611546804,0.9350266437912581
PhysioNet,WESAD,subject_zscore,finetune_k5 (uses target labels),0,0.9549125883415697,0.9494421995898874,0.9926563579361284
PhysioNet,WESAD,subject_zscore,coral,0,0.7945587583652416,0.7416230393792758,0.9242668696669809
PhysioNet,WESAD,subject_zscore,mmd,0,0.7601604308454433,0.7127078240645878,0.8502891618283663
PhysioNet,WESAD,subject_zscore,dann,0,0.7991177439696409,0.7571794303170432,0.8459716178291844
PhysioNet,WESAD,subject_zscore,subject_dann,0,0.7320168611455126,0.6959819318241505,0.7906104779975686
PhysioNet,WESAD,subject_zscore,source_only,1,0.7882869576085351,0.7379613138924226,0.9092918091645553
PhysioNet,WESAD,subject_zscore,finetune_k5 (uses target labels),1,0.9375312184494394,0.9305315798834521,0.9883096870184389
PhysioNet,WESAD,subject_zscore,coral,1,0.7849124561144376,0.7345641646489104,0.8969129560405849
PhysioNet,WESAD,subject_zscore,mmd,1,0.7714854623748764,0.726020969030094,0.857816458932203
PhysioNet,WESAD,subject_zscore,dann,1,0.7896305091293332,0.7509046917736166,0.8672980127935646
PhysioNet,WESAD,subject_zscore,subject_dann,1,0.8338881756104213,0.8018705946141333,0.9186199765943668
PhysioNet,WESAD,subject_zscore,source_only,2,0.7578283889879904,0.7114378231576748,0.8593560042266483
PhysioNet,WESAD,subject_zscore,finetune_k5 (uses target labels),2,0.9507678410117435,0.933646107448414,0.9883628248047186
PhysioNet,WESAD,subject_zscore,coral,2,0.7538886300887369,0.7089682888080605,0.8317492870371421
PhysioNet,WESAD,subject_zscore,mmd,2,0.7951609421335484,0.7630257176463109,0.8735811755081635
PhysioNet,WESAD,subject_zscore,dann,2,0.7604615227295968,0.7233613021260489,0.8278379330326201
PhysioNet,WESAD,subject_zscore,subject_dann,2,0.7145251269698795,0.6663870100363727,0.7820378807676139
PhysioNet,WESAD,subject_zscore,source_only,3,0.7812198197993478,0.7290786021248891,0.9103030234169953
PhysioNet,WESAD,subject_zscore,finetune_k5 (uses target labels),3,0.9554333386471119,0.9463644062276073,0.9928157712949679
PhysioNet,WESAD,subject_zscore,coral,3,0.7675627464124617,0.7144289882254871,0.8862952063899651
PhysioNet,WESAD,subject_zscore,mmd,3,0.7691534205174235,0.7247332077840553,0.883687637053617
PhysioNet,WESAD,subject_zscore,dann,3,0.7102161044391169,0.6863814077893833,0.762120368581914
PhysioNet,WESAD,subject_zscore,subject_dann,3,0.46731164714303564,0.4484945480410938,0.4786338381829957
PhysioNet,WESAD,subject_zscore,source_only,4,0.7986405417381524,0.7541885831639389,0.9087180302909798
PhysioNet,WESAD,subject_zscore,finetune_k5 (uses target labels),4,0.966278760826824,0.9551817237798547,0.9957383495403581
PhysioNet,WESAD,subject_zscore,coral,4,0.7877927124402078,0.7439006983538334,0.8824094167907014
PhysioNet,WESAD,subject_zscore,mmd,4,0.7636229875132083,0.7120273946899334,0.8731323781714064
PhysioNet,WESAD,subject_zscore,dann,4,0.7544908138570439,0.7290412622652163,0.8314680785793008
PhysioNet,WESAD,subject_zscore,subject_dann,4,0.7603194982559394,0.7137279991643599,0.8726608569188641
PhysioNet,WESAD,subject_zscore,source_only,5,0.7475628600320408,0.6908312292108143,0.8690023064774521
PhysioNet,WESAD,subject_zscore,finetune_k5 (uses target labels),5,0.9364418938307031,0.9288847093243473,0.9772038896859556
PhysioNet,WESAD,subject_zscore,coral,5,0.7327752718348426,0.6782279469164715,0.8452558144819515
PhysioNet,WESAD,subject_zscore,mmd,5,0.7125822321702475,0.6720869547028123,0.7820037948939361
PhysioNet,WESAD,subject_zscore,dann,5,0.7474748048583733,0.6950947494247846,0.8371149716519152
PhysioNet,WESAD,subject_zscore,subject_dann,5,0.7869803324508879,0.7476272257693202,0.8999011509663345
PhysioNet,WESAD,subject_zscore,source_only,6,0.8189415200027268,0.7878849895280722,0.8911183575153672
PhysioNet,WESAD,subject_zscore,finetune_k5 (uses target labels),6,0.9793028322440087,0.9672881808588149,0.9973643658005208
PhysioNet,WESAD,subject_zscore,coral,6,0.8192596548237192,0.7897733931368058,0.8700816924772478
PhysioNet,WESAD,subject_zscore,mmd,6,0.7947888380125663,0.7477591959252403,0.8626225671207662
PhysioNet,WESAD,subject_zscore,dann,6,0.7348289457239272,0.7311446541232661,0.8196516423710134
PhysioNet,WESAD,subject_zscore,subject_dann,6,0.5451183347914512,0.5419442830020536,0.5408007907922694
PhysioNet,WESAD,subject_zscore,source_only,7,0.7976690943383364,0.7569600136593182,0.8870252121845635
PhysioNet,WESAD,subject_zscore,finetune_k5 (uses target labels),7,0.9502470907062012,0.9366044357283858,0.9881609012168553
PhysioNet,WESAD,subject_zscore,coral,7,0.7937293354390829,0.7544240894480487,0.8754843034551714
PhysioNet,WESAD,subject_zscore,mmd,7,0.7564677945303535,0.7072549940019819,0.8960096803881245
PhysioNet,WESAD,subject_zscore,dann,7,0.7792598820628771,0.7434618303712606,0.8286559940008862
PhysioNet,WESAD,subject_zscore,subject_dann,7,0.7282901389567451,0.7060917399344429,0.8031370365741425
PhysioNet,WESAD,subject_zscore,source_only,8,0.8004953813641167,0.7524282503005908,0.9207105768466023
PhysioNet,WESAD,subject_zscore,finetune_k5 (uses target labels),8,0.9565226632658483,0.9480297211554516,0.9953663850363994
PhysioNet,WESAD,subject_zscore,coral,8,0.7861139831615784,0.7377354671472318,0.9088770977014761
PhysioNet,WESAD,subject_zscore,mmd,8,0.7742947064638179,0.7303229791070478,0.8802847306647882
PhysioNet,WESAD,subject_zscore,dann,8,0.8341352981945849,0.7990995822326388,0.9199834115414769
PhysioNet,WESAD,subject_zscore,subject_dann,8,0.7483780805108335,0.7256825254242725,0.8193789553815913
PhysioNet,WESAD,subject_zscore,source_only,9,0.7979162169225,0.7540906708595387,0.8985433969981708
PhysioNet,WESAD,subject_zscore,finetune_k5 (uses target labels),9,0.9221159466496626,0.9238302560778131,0.9865561400712047
PhysioNet,WESAD,subject_zscore,coral,9,0.7945417154284027,0.7506933227484531,0.8859713905900266
PhysioNet,WESAD,subject_zscore,mmd,9,0.747315737447877,0.6940304725008071,0.8417165645984116
PhysioNet,WESAD,subject_zscore,dann,9,0.812757774419688,0.7802398424914981,0.8894367877472646
PhysioNet,WESAD,subject_zscore,subject_dann,9,0.79392532921273,0.7756617351489403,0.8561519321009396
