bin,temp,tonic,dataset
0,4.4165616666666665,-0.8894040998958332,WESAD
1,-1.2867383333333335,-0.3971692412847222,WESAD
2,-1.1469161111111112,0.0327455357986111,WESAD
3,-1.1055050000000004,0.26345155649305557,WESAD
4,-1.0257050000000005,0.2506063460763889,WESAD
5,-0.9305716666666672,0.3477724357986111,WESAD
6,-0.7937605555555561,0.4259822876041667,WESAD
7,-0.7398938888888894,0.5531058584374999,WESAD
8,-0.6786938888888893,0.5412561494097222,WESAD
9,-0.6455605555555558,0.5001015716319445,WESAD
10,-0.5515383333333336,0.6477345649652778,WESAD
11,-0.46274944444444505,0.7669895201041667,WESAD
12,-0.40401611111111124,0.7722589374652779,WESAD
13,-0.37338277777777795,0.7755751749652777,WESAD
14,-0.33847166666666667,0.7699346409375,WESAD
15,-0.34299388888888915,0.6700326177430556,WESAD
16,-0.30718277777777797,0.5489704323263889,WESAD
17,-0.28370500000000004,0.42542405052083326,WESAD
18,-0.24623833333333328,0.37472959177083337,WESAD
19,-0.16036055555555587,0.3866026148263889,WESAD
20,-0.10803833333333353,0.46533135607638887,WESAD
21,-0.11684944444444491,0.42669884065972224,WESAD
22,-0.09074944444444448,0.3842519146875,WESAD
23,-0.032971666666666684,0.27761895274305554,WESAD
24,0.06672833333333344,0.20303448454861114,WESAD
25,0.13352833333333305,0.11198285010416668,WESAD
26,0.16045055555555515,-0.0880094278125,WESAD
27,0.21386166666666656,-0.23341847628472226,WESAD
28,0.310217222222222,-0.3578590736458333,WESAD
29,0.34569499999999986,-0.44262665503472226,WESAD
30,0.39522833333333324,-0.5075527196180556,WESAD
31,0.4347283333333333,-0.6031927896180556,WESAD
32,0.5192616666666665,-0.7206164043402777,WESAD
33,0.6579061111111109,-0.8154369772569444,WESAD
34,0.6870727777777773,-0.8980397583680555,WESAD
35,0.7267172222222218,-0.9448480579513888,WESAD
36,0.7404394444444441,-0.9820343536458334,WESAD
37,0.7543616666666663,-0.9939283022569445,WESAD
38,0.7940838888888885,-1.007617637534722,WESAD
39,0.8157505555555548,-1.0404383111458333,WESAD
0,-0.5704188510470959,-1.106620403351713,PhysioNet
1,-0.426918851047096,-0.6706780382616232,PhysioNet
2,-0.35789182402006914,-0.45587365684270414,PhysioNet
3,-0.19897740960565455,-0.23461040937648792,PhysioNet
4,-0.12284677897502412,-0.09769817756342491,PhysioNet
5,-0.08530173392997897,0.01597110858522374,PhysioNet
6,-0.06226569789394278,0.0916714386527913,PhysioNet
7,-0.049824256452501395,0.2675446141032418,PhysioNet
8,-0.06612155374979858,0.49224395284198047,PhysioNet
9,-0.06317560780385274,0.5833160042496381,PhysioNet
10,-0.036252184380429237,0.5603028008149535,PhysioNet
11,-0.017226710630817734,0.44802979087980277,PhysioNet
12,0.04035056924384517,0.3843965202574807,PhysioNet
13,0.08411908776236335,0.3428423656278511,PhysioNet
14,0.12332279146606726,0.21124468894961035,PhysioNet
15,0.14561908776236332,0.1592683053847955,PhysioNet
16,0.1368181618364376,0.2134957408593326,PhysioNet
17,0.14983668035495612,0.24624623900748066,PhysioNet
18,0.1500959396142154,0.2462371935213696,PhysioNet
19,0.1411468655401413,0.17226371007229552,PhysioNet
20,0.14890612479940063,0.04045192210933256,PhysioNet
21,0.18119316183643763,-0.04591307111983413,PhysioNet
22,0.18611908776236322,0.04910697957461033,PhysioNet
23,0.1943077451697709,0.10463509697912425,PhysioNet
24,0.24128454001543978,0.22538191582705347,PhysioNet
25,0.21859291312936685,0.09914561364223569,PhysioNet
26,0.15830118095262521,0.207643947857922,PhysioNet
27,0.11544344345229897,-0.09579210125841063,PhysioNet
28,0.004797076891691714,-0.4701535045317135,PhysioNet
29,0.004451799307786228,-0.5047803725166728,PhysioNet
30,-0.00043153402554680644,-0.44174265324583956,PhysioNet
31,0.0058934659744529745,-0.5701709457458395,PhysioNet
32,0.0013684659744527372,-0.4759047281416729,PhysioNet
33,-0.017831534025547224,-0.0893528413708395,PhysioNet
34,-0.023298200692213843,0.11122309446249376,PhysioNet
35,-0.04200653402554701,0.11338149717082717,PhysioNet
36,-0.04729820069221373,0.10134708680624382,PhysioNet
37,-0.040108726176953186,-0.21319962020087876,PhysioNet
38,-0.0174710648148149,-0.4109273971643519,PhysioNet
39,-0.03869328703703692,-0.5372279561921297,PhysioNet
0,-0.42955297619047617,-0.5727491810119048,Stress-Predict
1,-0.3885625,-0.5665531565476191,Stress-Predict
2,-0.32817202380952376,-0.5333452133333333,Stress-Predict
3,-0.24746726190476176,-0.49857739785714283,Stress-Predict
4,-0.19879583333333323,-0.4177865321428571,Stress-Predict
5,-0.15765773809523803,-0.35118974077380954,Stress-Predict
6,-0.14471964285714292,-0.2934380294047619,Stress-Predict
7,-0.03880535714285692,-0.3234527625595238,Stress-Predict
8,0.019337500000000018,-0.37077210005952377,Stress-Predict
9,0.04980416666666675,-0.41504682107142854,Stress-Predict
10,0.05993273809523798,-0.3808917766666667,Stress-Predict
11,0.0833422619047619,-0.31291744910714286,Stress-Predict
12,0.10552797619047634,-0.2692118626190476,Stress-Predict
13,0.1182089285714287,-0.2216733206547619,Stress-Predict
14,0.11642321428571452,-0.16039056708333332,Stress-Predict
15,0.10749940476190488,-0.11651726851190476,Stress-Predict
16,0.08743750000000015,-0.07012608678571428,Stress-Predict
17,0.06825654761904787,-0.05836968773809523,Stress-Predict
18,0.10586607142857146,-0.07174078553571428,Stress-Predict
19,0.1438041666666667,-0.11552198869047618,Stress-Predict
20,0.1508708333333334,-0.1517619395833333,Stress-Predict
21,0.17563273809523802,-0.1825429563690476,Stress-Predict
22,0.17862321428571437,-0.1539706494642857,Stress-Predict
23,0.16529940476190486,-0.0046273291666666634,Stress-Predict
24,0.12534226190476186,0.08519093273809526,Stress-Predict
25,0.11319940476190496,0.19933854291666667,Stress-Predict
26,0.11256607142857132,0.4330329014285714,Stress-Predict
27,0.0807565476190476,0.6165550818452381,Stress-Predict
28,0.04524702380952389,0.7199160448809524,Stress-Predict
29,0.03157559523809516,0.7938656630357143,Stress-Predict
30,0.04611369047619063,0.7657583751785714,Stress-Predict
31,0.054147023809523784,0.7458114810119049,Stress-Predict
32,0.06400892857142841,0.6477822444642857,Stress-Predict
33,0.04553749999999991,0.5094452376190477,Stress-Predict
34,-0.012648214285714315,0.37293305452380954,Stress-Predict
35,-0.04547678571428571,0.2651204930952381,Stress-Predict
36,-0.08991488095238111,0.15075040535714287,Stress-Predict
37,-0.11792916666666664,0.09505592089285715,Stress-Predict
38,-0.11926726190476189,0.08860135226190477,Stress-Predict
39,-0.13539107142857135,0.12401687148809522,Stress-Predict
0,-0.5414554097446255,-0.7077215022473561,Campanella2024
1,-0.5728749499745106,-0.6932212362990802,Campanella2024
2,-0.6118634557216371,-0.6819701829944825,Campanella2024
3,-0.6077255246871542,-0.5991338046898849,Campanella2024
4,-0.576576099399798,-0.5348290095749423,Campanella2024
5,-0.5930818465262346,-0.5082421115145974,Campanella2024
6,-0.5721623062963497,-0.45317160461804573,Campanella2024
7,-0.5130013867561197,-0.39861182365540204,Campanella2024
8,-0.4718347200894532,-0.3619962633105745,Campanella2024
9,-0.41749563962968306,-0.3505382894599998,Campanella2024
10,-0.3035933407791084,-0.3301887125203446,Campanella2024
11,-0.2505416166411773,-0.35014957078183884,Campanella2024
12,-0.1751105821584185,-0.33212944908643655,Campanella2024
13,-0.10921403043428075,-0.30632411208931015,Campanella2024
14,-0.07553586951474041,-0.3317619750203446,Campanella2024
15,-0.03352437526186662,-0.3600199641726434,Campanella2024
16,0.0030043603703170402,-0.3404627679801147,Campanella2024
17,0.0611422914047998,-0.31934523809505727,Campanella2024
18,0.1390216017496274,-0.2844246382387354,Campanella2024
19,0.23680321094502976,-0.20216783651459747,Campanella2024
20,0.3210790730139952,-0.16537817430195378,Campanella2024
21,0.3564583833588227,-0.20070857968988481,Campanella2024
22,0.3894813718645699,-0.0567803232243676,Campanella2024
23,0.42503309600250105,0.30135467131586224,Campanella2024
24,0.44691240634732865,0.5071563489020692,Campanella2024
25,0.4287802224392825,0.5302029415026439,Campanella2024
26,0.3973376937036504,0.3622915884854025,Campanella2024
27,0.3921652799105471,0.33292375946241404,Campanella2024
28,0.4040273488760641,0.6158093993331036,Campanella2024
29,0.37911930289905266,0.8686679627670117,Campanella2024
30,0.37382045232433986,0.903583112192299,Campanella2024
31,0.37390091209445486,0.8521939145629888,Campanella2024
32,0.38192390060020215,0.8377041892037934,Campanella2024
33,0.3544009120944549,0.9237395134854025,Campanella2024
34,0.2819800727057202,0.9088598595752647,Campanella2024
35,0.25474090881331757,0.5375381975776241,Campanella2024
36,0.29800253962533774,0.42014891933241383,Campanella2024
37,0.12973696171374954,0.4264712981847283,Campanella2024
38,0.07251962575165893,0.34516041684406173,Campanella2024
39,0.0698691633289995,0.741297383007386,Campanella2024
